{
  "method": "pso_n32",
  "num_agents": 32,
  "num_episodes": 30,
  "seeds": [
    801,
    802,
    803,
    804,
    805,
    806,
    807,
    808,
    809,
    810,
    811,
    812,
    813,
    814,
    815,
    816,
    817,
    818,
    819,
    820,
    821,
    822,
    823,
    824,
    825,
    826,
    827,
    828,
    829,
    830,
    831,
    832,
    833,
    834,
    835,
    836,
    837,
    838,
    839,
    840,
    841,
    842,
    843,
    844,
    845,
    846,
    847,
    848,
    849,
    850,
    851,
    852,
    853,
    854,
    855,
    856,
    857,
    858,
    859,
    860,
    861,
    862,
    863,
    864,
    865,
    866,
    867,
    868,
    869,
    870,
    871,
    872,
    873,
    874,
    875,
    876,
    877,
    878,
    879,
    880,
    881,
    882,
    883,
    884,
    885,
    886,
    887,
    888,
    889,
    890,
    891,
    892,
    893,
    894,
    895,
    896,
    897,
    898,
    899,
    900
  ],
  "env_config": {
    "num_agents_max": 32,
    "num_agents_min": 32,
    "speed": 15,
    "predefined_distance": 60,
    "std_pos_converged": 45,
    "std_vel_converged": 0.1,
    "std_pos_rate_converged": 0.1,
    "std_vel_rate_converged": 0.2,
    "max_time_step": 2000,
    "incomplete_episode_penalty": 0,
    "normalize_obs": true,
    "use_fixed_horizon": false,
    "_use_fixed_lazy_idx": true,
    "use_preprocessed_obs": true,
    "use_mlp_settings": false,
    "get_state_hist": false,
    "use_L2_norm": true,
    "use_heuristics": false
  },
  "results": [
    {
      "episode_length": 273,
      "convergence_time": 27.3,
      "reward_L1": -94.65512958168983,
      "reward_L2": -41.35957746952772,
      "control_cost_L1": 67.35512958168984,
      "control_cost_L2": 14.05957746952772,
      "std_pos_last": 38.4484235005287,
      "std_vel_last": 0.09999232939065086,
      "seed": 1,
      "pso_opt_time": 169.27278757095337,
      "pso_cost": 41.35957717895508
    },
    {
      "episode_length": 293,
      "convergence_time": 29.3,
      "reward_L1": -98.43393167108297,
      "reward_L2": -43.674629516899586,
      "control_cost_L1": 69.13393167108298,
      "control_cost_L2": 14.374629516899585,
      "std_pos_last": 38.45496411989677,
      "std_vel_last": 0.09999985927045822,
      "seed": 2,
      "pso_opt_time": 391.63032698631287,
      "pso_cost": 43.67462921142578
    },
    {
      "episode_length": 700,
      "convergence_time": 70.0,
      "reward_L1": -221.43409626930952,
      "reward_L2": -101.37795574963093,
      "control_cost_L1": 151.43409626930952,
      "control_cost_L2": 31.377955749630928,
      "std_pos_last": 40.31704424109205,
      "std_vel_last": 0.09875246440090232,
      "seed": 3,
      "pso_opt_time": 72.0881724357605,
      "pso_cost": 101.37796020507812
    },
    {
      "episode_length": 313,
      "convergence_time": 31.3,
      "reward_L1": -104.07648912072182,
      "reward_L2": -46.55957133322954,
      "control_cost_L1": 72.77648912072182,
      "control_cost_L2": 15.259571333229541,
      "std_pos_last": 39.03356949276135,
      "std_vel_last": 0.09999983842915564,
      "seed": 4,
      "pso_opt_time": 413.32327604293823,
      "pso_cost": 46.5595703125
    },
    {
      "episode_length": 313,
      "convergence_time": 31.3,
      "reward_L1": -97.14200288057327,
      "reward_L2": -45.439936615526676,
      "control_cost_L1": 65.84200288057328,
      "control_cost_L2": 14.139936615526675,
      "std_pos_last": 39.27594505655858,
      "std_vel_last": 0.09739537561179161,
      "seed": 5,
      "pso_opt_time": 244.1470592021942,
      "pso_cost": 45.439964294433594
    },
    {
      "episode_length": 684,
      "convergence_time": 68.4,
      "reward_L1": -214.56473025679588,
      "reward_L2": -98.01580306887627,
      "control_cost_L1": 146.16473025679588,
      "control_cost_L2": 29.61580306887626,
      "std_pos_last": 40.1685380143968,
      "std_vel_last": 0.0996085598021848,
      "seed": 6,
      "pso_opt_time": 64.43394589424133,
      "pso_cost": 98.01580810546875
    },
    {
      "episode_length": 273,
      "convergence_time": 27.3,
      "reward_L1": -90.8317397236824,
      "reward_L2": -40.698865190148354,
      "control_cost_L1": 63.531739723682406,
      "control_cost_L2": 13.398865190148353,
      "std_pos_last": 38.52439407808289,
      "std_vel_last": 0.09999988544074555,
      "seed": 7,
      "pso_opt_time": 318.4907772541046,
      "pso_cost": 40.6988639831543
    },
    {
      "episode_length": 501,
      "convergence_time": 50.1,
      "reward_L1": -145.9183595776558,
      "reward_L2": -70.34609342366457,
      "control_cost_L1": 95.8183595776558,
      "control_cost_L2": 20.24609342366457,
      "std_pos_last": 39.72761976740438,
      "std_vel_last": 0.09991571333188683,
      "seed": 8,
      "pso_opt_time": 70.95346426963806,
      "pso_cost": 70.3460922241211
    },
    {
      "episode_length": 284,
      "convergence_time": 28.400000000000002,
      "reward_L1": -89.45408893376589,
      "reward_L2": -41.359846003353596,
      "control_cost_L1": 61.05408893376588,
      "control_cost_L2": 12.959846003353594,
      "std_pos_last": 38.529353565004214,
      "std_vel_last": 0.09999917827920322,
      "seed": 9,
      "pso_opt_time": 312.19625663757324,
      "pso_cost": 41.35984420776367
    },
    {
      "episode_length": 917,
      "convergence_time": 91.7,
      "reward_L1": -336.8604946807027,
      "reward_L2": -140.9435976371169,
      "control_cost_L1": 245.1604946807027,
      "control_cost_L2": 49.243597637116906,
      "std_pos_last": 39.915706602103846,
      "std_vel_last": 0.09993090818387175,
      "seed": 10,
      "pso_opt_time": 56.57917547225952,
      "pso_cost": 141.04537963867188
    },
    {
      "episode_length": 461,
      "convergence_time": 46.1,
      "reward_L1": -142.72430316358805,
      "reward_L2": -66.59540548175573,
      "control_cost_L1": 96.62430316358805,
      "control_cost_L2": 20.495405481755732,
      "std_pos_last": 39.040805988526046,
      "std_vel_last": 0.09893558832394175,
      "seed": 11,
      "pso_opt_time": 86.26028347015381,
      "pso_cost": 66.59540557861328
    },
    {
      "episode_length": 417,
      "convergence_time": 41.7,
      "reward_L1": -132.90690056979656,
      "reward_L2": -61.22970974445343,
      "control_cost_L1": 91.20690056979656,
      "control_cost_L2": 19.529709744453427,
      "std_pos_last": 39.34800588554196,
      "std_vel_last": 0.09834729251208639,
      "seed": 12,
      "pso_opt_time": 114.46837186813354,
      "pso_cost": 61.229740142822266
    },
    {
      "episode_length": 295,
      "convergence_time": 29.5,
      "reward_L1": -89.77240211516619,
      "reward_L2": -42.65776231139898,
      "control_cost_L1": 60.27240211516619,
      "control_cost_L2": 13.157762311398983,
      "std_pos_last": 38.93427439475433,
      "std_vel_last": 0.09999984565283734,
      "seed": 13,
      "pso_opt_time": 319.5568416118622,
      "pso_cost": 42.65776062011719
    },
    {
      "episode_length": 1314,
      "convergence_time": 131.4,
      "reward_L1": -476.4170725941658,
      "reward_L2": -201.82122357189655,
      "control_cost_L1": 345.0170725941658,
      "control_cost_L2": 70.42122357189655,
      "std_pos_last": 41.84994574405849,
      "std_vel_last": 0.09901018788349371,
      "seed": 14,
      "pso_opt_time": 54.47437286376953,
      "pso_cost": 200.93609619140625
    },
    {
      "episode_length": 681,
      "convergence_time": 68.10000000000001,
      "reward_L1": -280.2262398377061,
      "reward_L2": -111.42937169969082,
      "control_cost_L1": 212.12623983770607,
      "control_cost_L2": 43.32937169969081,
      "std_pos_last": 39.862840547907524,
      "std_vel_last": 0.09980851262664926,
      "seed": 15,
      "pso_opt_time": 52.011744260787964,
      "pso_cost": 111.4292984008789
    },
    {
      "episode_length": 271,
      "convergence_time": 27.1,
      "reward_L1": -87.79293885082006,