{
  "method": "pso_n16",
  "num_agents": 16,
  "num_episodes": 30,
  "seeds": [
    801,
    802,
    803,
    804,
    805,
    806,
    807,
    808,
    809,
    810,
    811,
    812,
    813,
    814,
    815,
    816,
    817,
    818,
    819,
    820,
    821,
    822,
    823,
    824,
    825,
    826,
    827,
    828,
    829,
    830,
    831,
    832,
    833,
    834,
    835,
    836,
    837,
    838,
    839,
    840,
    841,
    842,
    843,
    844,
    845,
    846,
    847,
    848,
    849,
    850,
    851,
    852,
    853,
    854,
    855,
    856,
    857,
    858,
    859,
    860,
    861,
    862,
    863,
    864,
    865,
    866,
    867,
    868,
    869,
    870,
    871,
    872,
    873,
    874,
    875,
    876,
    877,
    878,
    879,
    880,
    881,
    882,
    883,
    884,
    885,
    886,
    887,
    888,
    889,
    890,
    891,
    892,
    893,
    894,
    895,
    896,
    897,
    898,
    899,
    900
  ],
  "env_config": {
    "num_agents_max": 16,
    "num_agents_min": 16,
    "speed": 15,
    "predefined_distance": 60,
    "std_pos_converged": 45,
    "std_vel_converged": 0.1,
    "std_pos_rate_converged": 0.1,
    "std_vel_rate_converged": 0.2,
    "max_time_step": 2000,
    "incomplete_episode_penalty": 0,
    "normalize_obs": true,
    "use_fixed_horizon": false,
    "_use_fixed_lazy_idx": true,
    "use_preprocessed_obs": true,
    "use_mlp_settings": false,
    "get_state_hist": false,
    "use_L2_norm": true,
    "use_heuristics": false
  },
  "results": [
    {
      "episode_length": 379,
      "convergence_time": 37.9,
      "reward_L1": -107.88426741212606,
      "reward_L2": -58.59290437400341,
      "control_cost_L1": 69.98426741212606,
      "control_cost_L2": 20.69290437400341,
      "std_pos_last": 37.299830125873335,
      "std_vel_last": 0.09710859046348273,
      "seed": 1,
      "pso_opt_time": 121.91842460632324,
      "pso_cost": 58.49163055419922
    },
    {
      "episode_length": 313,
      "convergence_time": 31.3,
      "reward_L1": -110.00243738293648,
      "reward_L2": -54.00855425745249,
      "control_cost_L1": 78.70243738293648,
      "control_cost_L2": 22.708554257452487,
      "std_pos_last": 38.48006368692944,
      "std_vel_last": 0.09739757857049097,
      "seed": 2,
      "pso_opt_time": 152.34944605827332,
      "pso_cost": 53.90672302246094
    },
    {
      "episode_length": 303,
      "convergence_time": 30.3,
      "reward_L1": -95.82372303307056,
      "reward_L2": -49.18519286066294,
      "control_cost_L1": 65.52372303307057,
      "control_cost_L2": 18.885192860662936,
      "std_pos_last": 37.97243041269259,
      "std_vel_last": 0.0987806761344573,
      "seed": 3,
      "pso_opt_time": 25.792084455490112,
      "pso_cost": 49.1851921081543
    },
    {
      "episode_length": 330,
      "convergence_time": 33.0,
      "reward_L1": -109.55165749043226,
      "reward_L2": -55.77780754119158,
      "control_cost_L1": 76.55165749043226,
      "control_cost_L2": 22.777807541191578,
      "std_pos_last": 37.44681440750365,
      "std_vel_last": 0.09999336768200927,
      "seed": 4,
      "pso_opt_time": 146.63791012763977,
      "pso_cost": 55.777809143066406
    },
    {
      "episode_length": 278,
      "convergence_time": 27.8,
      "reward_L1": -89.33867362141609,
      "reward_L2": -46.139818876981735,
      "control_cost_L1": 61.538673621416095,
      "control_cost_L2": 18.339818876981735,
      "std_pos_last": 37.20019754080005,
      "std_vel_last": 0.09902603000509137,
      "seed": 5,
      "pso_opt_time": 36.858031034469604,
      "pso_cost": 46.13982009887695
    },
    {
      "episode_length": 439,
      "convergence_time": 43.900000000000006,
      "reward_L1": -133.65063256770372,
      "reward_L2": -70.95908070355654,
      "control_cost_L1": 89.75063256770372,
      "control_cost_L2": 27.059080703556532,
      "std_pos_last": 37.66470910845096,
      "std_vel_last": 0.0869421702090021,
      "seed": 6,
      "pso_opt_time": 33.23729753494263,
      "pso_cost": 70.95907592773438
    },
    {
      "episode_length": 267,
      "convergence_time": 26.700000000000003,
      "reward_L1": -87.19351709634066,
      "reward_L2": -45.22638472914696,
      "control_cost_L1": 60.49351709634065,
      "control_cost_L2": 18.526384729146955,
      "std_pos_last": 37.94353160887921,
      "std_vel_last": 0.09999979721579118,
      "seed": 7,
      "pso_opt_time": 115.89518451690674,
      "pso_cost": 45.226383209228516
    },
    {
      "episode_length": 285,
      "convergence_time": 28.5,
      "reward_L1": -97.98879463970661,
      "reward_L2": -48.619200117886066,
      "control_cost_L1": 69.48879463970661,
      "control_cost_L2": 20.119200117886066,
      "std_pos_last": 38.20200509708603,
      "std_vel_last": 0.09999942112723201,
      "seed": 8,
      "pso_opt_time": 145.24799275398254,
      "pso_cost": 48.619197845458984
    },
    {
      "episode_length": 324,
      "convergence_time": 32.4,
      "reward_L1": -117.26728315651417,
      "reward_L2": -56.699178233742714,
      "control_cost_L1": 84.86728315651416,
      "control_cost_L2": 24.299178233742715,
      "std_pos_last": 38.99540511463662,
      "std_vel_last": 0.09999992178320896,
      "seed": 9,
      "pso_opt_time": 213.05725741386414,
      "pso_cost": 56.69917678833008
    },
    {
      "episode_length": 295,
      "convergence_time": 29.5,
      "reward_L1": -104.76265206187963,
      "reward_L2": -51.42572880536318,
      "control_cost_L1": 75.26265206187963,
      "control_cost_L2": 21.92572880536318,
      "std_pos_last": 37.50651549099933,
      "std_vel_last": 0.09913083615948709,
      "seed": 10,
      "pso_opt_time": 31.536784887313843,
      "pso_cost": 51.42572784423828
    },
    {
      "episode_length": 294,
      "convergence_time": 29.400000000000002,
      "reward_L1": -103.5852445140481,
      "reward_L2": -50.93376234173775,
      "control_cost_L1": 74.1852445140481,
      "control_cost_L2": 21.533762341737745,
      "std_pos_last": 37.297092120052035,
      "std_vel_last": 0.09767821034206435,
      "seed": 11,
      "pso_opt_time": 24.173394441604614,
      "pso_cost": 50.93376159667969
    },
    {
      "episode_length": 302,
      "convergence_time": 30.200000000000003,
      "reward_L1": -92.33204209804535,
      "reward_L2": -49.14878989011049,
      "control_cost_L1": 62.132042098045346,
      "control_cost_L2": 18.94878989011049,
      "std_pos_last": 37.2839412669822,
      "std_vel_last": 0.09999965504749367,
      "seed": 12,
      "pso_opt_time": 122.3416051864624,
      "pso_cost": 49.14878845214844
    },
    {
      "episode_length": 277,
      "convergence_time": 27.700000000000003,
      "reward_L1": -85.27452477812767,
      "reward_L2": -45.37864924967289,
      "control_cost_L1": 57.57452477812767,
      "control_cost_L2": 17.678649249672887,
      "std_pos_last": 37.651513920378484,
      "std_vel_last": 0.09970877745923247,
      "seed": 13,
      "pso_opt_time": 57.340821743011475,
      "pso_cost": 45.3786506652832
    },
    {
      "episode_length": 277,
      "convergence_time": 27.700000000000003,
      "reward_L1": -102.32422345131636,
      "reward_L2": -49.074401788413525,
      "control_cost_L1": 74.62422345131635,
      "control_cost_L2": 21.374401788413522,
      "std_pos_last": 38.48316887514572,
      "std_vel_last": 0.09692048124626151,
      "seed": 14,
      "pso_opt_time": 110.77620768547058,
      "pso_cost": 48.9724235534668
    },
    {
      "episode_length": 267,
      "convergence_time": 26.700000000000003,
      "reward_L1": -94.59534439444542,
      "reward_L2": -46.57321261614561,
      "control_cost_L1": 67.89534439444542,
      "control_cost_L2": 19.873212616145608,
      "std_pos_last": 38.34454911039281,
      "std_vel_last": 0.09680669419975843,
      "seed": 15,
      "pso_opt_time": 134.59965443611145,
      "pso_cost": 46.47179412841797
    },
    {
      "episode_length": 302,