{
  "method": "pso_n64",
  "num_agents": 64,
  "num_episodes": 30,
  "seeds": [
    801,
    802,
    803,
    804,
    805,
    806,
    807,
    808,
    809,
    810,
    811,
    812,
    813,
    814,
    815,
    816,
    817,
    818,
    819,
    820,
    821,
    822,
    823,
    824,
    825,
    826,
    827,
    828,
    829,
    830,
    831,
    832,
    833,
    834,
    835,
    836,
    837,
    838,
    839,
    840,
    841,
    842,
    843,
    844,
    845,
    846,
    847,
    848,
    849,
    850,
    851,
    852,
    853,
    854,
    855,
    856,
    857,
    858,
    859,
    860,
    861,
    862,
    863,
    864,
    865,
    866,
    867,
    868,
    869,
    870,
    871,
    872,
    873,
    874,
    875,
    876,
    877,
    878,
    879,
    880,
    881,
    882,
    883,
    884,
    885,
    886,
    887,
    888,
    889,
    890,
    891,
    892,
    893,
    894,
    895,
    896,
    897,
    898,
    899,
    900
  ],
  "env_config": {
    "num_agents_max": 64,
    "num_agents_min": 64,
    "speed": 15,
    "predefined_distance": 60,
    "std_pos_converged": 45,
    "std_vel_converged": 0.1,
    "std_pos_rate_converged": 0.1,
    "std_vel_rate_converged": 0.2,
    "max_time_step": 2000,
    "incomplete_episode_penalty": 0,
    "normalize_obs": true,
    "use_fixed_horizon": false,
    "_use_fixed_lazy_idx": true,
    "use_preprocessed_obs": true,
    "use_mlp_settings": false,
    "get_state_hist": false,
    "use_L2_norm": true,
    "use_heuristics": false
  },
  "results": [
    {
      "episode_length": 1357,
      "convergence_time": 135.70000000000002,
      "reward_L1": -450.7704769000411,
      "reward_L2": -181.10766538232565,
      "control_cost_L1": 315.07047690004106,
      "control_cost_L2": 45.40766538232563,
      "std_pos_last": 41.33151349547588,
      "std_vel_last": 0.09967596353753883,
      "seed": 1,
      "pso_opt_time": 162.9046983718872,
      "pso_cost": 180.6143035888672
    },
    {
      "episode_length": 313,
      "convergence_time": 31.3,
      "reward_L1": -102.89687298983335,
      "reward_L2": -41.801419734954834,
      "control_cost_L1": 71.59687298983336,
      "control_cost_L2": 10.501419734954833,
      "std_pos_last": 39.746755005761415,
      "std_vel_last": 0.09999982807632835,
      "seed": 2,
      "pso_opt_time": 706.5840177536011,
      "pso_cost": 41.80141830444336
    },
    {
      "episode_length": 388,
      "convergence_time": 38.800000000000004,
      "reward_L1": -156.5267023295164,
      "reward_L2": -55.71978583931923,
      "control_cost_L1": 117.7267023295164,
      "control_cost_L2": 16.919785839319225,
      "std_pos_last": 38.33886391704483,
      "std_vel_last": 0.09999918522026596,
      "seed": 3,
      "pso_opt_time": 1317.9965608119965,
      "pso_cost": 55.719783782958984
    },
    {
      "episode_length": 320,
      "convergence_time": 32.0,
      "reward_L1": -101.060815051198,
      "reward_L2": -42.47718872129917,
      "control_cost_L1": 69.060815051198,
      "control_cost_L2": 10.477188721299171,
      "std_pos_last": 38.68040888916798,
      "std_vel_last": 0.0999979161797492,
      "seed": 4,
      "pso_opt_time": 523.4844517707825,
      "pso_cost": 42.47718811035156
    },
    {
      "episode_length": 767,
      "convergence_time": 76.7,
      "reward_L1": -186.50941272825003,
      "reward_L2": -93.63129583001137,
      "control_cost_L1": 109.80941272825002,
      "control_cost_L2": 16.931295830011365,
      "std_pos_last": 40.25229197292738,
      "std_vel_last": 0.09913498112847562,
      "seed": 5,
      "pso_opt_time": 154.60614323616028,
      "pso_cost": 93.63123321533203
    },
    {
      "episode_length": 334,
      "convergence_time": 33.4,
      "reward_L1": -111.95324788987637,
      "reward_L2": -45.003419540822506,
      "control_cost_L1": 78.55324788987636,
      "control_cost_L2": 11.603419540822507,
      "std_pos_last": 39.24998691522179,
      "std_vel_last": 0.09999941423661168,
      "seed": 6,
      "pso_opt_time": 831.0659437179565,
      "pso_cost": 45.00341796875
    },
    {
      "episode_length": 853,
      "convergence_time": 85.30000000000001,
      "reward_L1": -265.32743372023106,
      "reward_L2": -112.7166345641017,
      "control_cost_L1": 180.02743372023104,
      "control_cost_L2": 27.416634564101685,
      "std_pos_last": 41.316811553881855,
      "std_vel_last": 0.09995307142491129,
      "seed": 7,
      "pso_opt_time": 88.08045935630798,
      "pso_cost": 112.7144546508789
    },
    {
      "episode_length": 1259,
      "convergence_time": 125.9,
      "reward_L1": -591.5274605825543,
      "reward_L2": -192.0729655995965,
      "control_cost_L1": 465.62746058255436,
      "control_cost_L2": 66.1729655995965,
      "std_pos_last": 39.964769542236965,
      "std_vel_last": 0.0991043922321596,
      "seed": 8,
      "pso_opt_time": 88.1221215724945,
      "pso_cost": 192.52525329589844
    },
    {
      "episode_length": 1452,
      "convergence_time": 145.20000000000002,
      "reward_L1": -561.5337669029832,
      "reward_L2": -203.64406011253595,
      "control_cost_L1": 416.33376690298314,
      "control_cost_L2": 58.44406011253594,
      "std_pos_last": 41.62911514022161,
      "std_vel_last": 0.09620088054390698,
      "seed": 9,
      "pso_opt_time": 88.635502576828,
      "pso_cost": 203.0
    },
    {
      "episode_length": 353,
      "convergence_time": 35.300000000000004,
      "reward_L1": -118.22654616832733,
      "reward_L2": -47.871388360857964,
      "control_cost_L1": 82.92654616832732,
      "control_cost_L2": 12.57138836085796,
      "std_pos_last": 39.17940670957033,
      "std_vel_last": 0.09815040047358407,
      "seed": 10,
      "pso_opt_time": 775.7473948001862,
      "pso_cost": 47.7707633972168
    },
    {
      "episode_length": 314,
      "convergence_time": 31.400000000000002,
      "reward_L1": -95.94751226902008,
      "reward_L2": -41.28413584083319,
      "control_cost_L1": 64.54751226902007,
      "control_cost_L2": 9.884135840833185,
      "std_pos_last": 39.55338779715334,
      "std_vel_last": 0.09994966261880922,
      "seed": 11,
      "pso_opt_time": 481.44879841804504,
      "pso_cost": 41.28413772583008
    },
    {
      "episode_length": 417,
      "convergence_time": 41.7,
      "reward_L1": -159.14307188987732,
      "reward_L2": -59.01264498382807,
      "control_cost_L1": 117.44307188987732,
      "control_cost_L2": 17.312644983828065,
      "std_pos_last": 39.399090784229394,
      "std_vel_last": 0.09927731741919672,
      "seed": 12,
      "pso_opt_time": 304.8897051811218,
      "pso_cost": 59.01264190673828
    },
    {
      "episode_length": 434,
      "convergence_time": 43.400000000000006,
      "reward_L1": -143.75257414579391,
      "reward_L2": -58.35221919417381,
      "control_cost_L1": 100.35257414579391,
      "control_cost_L2": 14.952219194173807,
      "std_pos_last": 39.03713176214368,
      "std_vel_last": 0.09996724129667109,
      "seed": 13,
      "pso_opt_time": 541.5482218265533,
      "pso_cost": 58.35221862792969
    },
    {
      "episode_length": 325,
      "convergence_time": 32.5,
      "reward_L1": -97.11832973361015,
      "reward_L2": -42.28620098531246,
      "control_cost_L1": 64.61832973361015,
      "control_cost_L2": 9.786200985312462,
      "std_pos_last": 39.671735380946544,
      "std_vel_last": 0.09776174922381473,
      "seed": 14,
      "pso_opt_time": 823.8802645206451,
      "pso_cost": 42.1856803894043
    },
    {
      "episode_length": 511,
      "convergence_time": 51.1,
      "reward_L1": -173.66040236502886,
      "reward_L2": -68.79860284179449,
      "control_cost_L1": 122.56040236502886,
      "control_cost_L2": 17.69860284179449,
      "std_pos_last": 39.3155065826736,
      "std_vel_last": 0.09919447563736236,
      "seed": 15,
      "pso_opt_time": 314.90411829948425,
      "pso_cost": 68.79859924316406
    },
    {
      "episode_length": 1144,