{
  "method": "pso_n128",
  "num_agents": 128,
  "num_episodes": 30,
  "seeds": [
    801,
    802,
    803,
    804,
    805,
    806,
    807,
    808,
    809,
    810,
    811,
    812,
    813,
    814,
    815,
    816,
    817,
    818,
    819,
    820,
    821,
    822,
    823,
    824,
    825,
    826,
    827,
    828,
    829,
    830,
    831,
    832,
    833,
    834,
    835,
    836,
    837,
    838,
    839,
    840,
    841,
    842,
    843,
    844,
    845,
    846,
    847,
    848,
    849,
    850,
    851,
    852,
    853,
    854,
    855,
    856,
    857,
    858,
    859,
    860,
    861,
    862,
    863,
    864,
    865,
    866,
    867,
    868,
    869,
    870,
    871,
    872,
    873,
    874,
    875,
    876,
    877,
    878,
    879,
    880,
    881,
    882,
    883,
    884,
    885,
    886,
    887,
    888,
    889,
    890,
    891,
    892,
    893,
    894,
    895,
    896,
    897,
    898,
    899,
    900
  ],
  "env_config": {
    "num_agents_max": 128,
    "num_agents_min": 128,
    "speed": 15,
    "predefined_distance": 60,
    "std_pos_converged": 45,
    "std_vel_converged": 0.1,
    "std_pos_rate_converged": 0.1,
    "std_vel_rate_converged": 0.2,
    "max_time_step": 2000,
    "incomplete_episode_penalty": 0,
    "normalize_obs": true,
    "use_fixed_horizon": false,
    "_use_fixed_lazy_idx": true,
    "use_preprocessed_obs": true,
    "use_mlp_settings": false,
    "get_state_hist": false,
    "use_L2_norm": true,
    "use_heuristics": false
  },
  "results": [
    {
      "episode_length": 1306,
      "convergence_time": 130.6,
      "reward_L1": -562.4332457110286,
      "reward_L2": -174.70810616016388,
      "control_cost_L1": 431.83324571102855,
      "control_cost_L2": 44.108106160163885,
      "std_pos_last": 41.228227614281806,
      "std_vel_last": 0.09997133777730527,
      "seed": 1,
      "pso_opt_time": 177.17626404762268,
      "pso_cost": 237.403564453125
    },
    {
      "episode_length": 1285,
      "convergence_time": 128.5,
      "reward_L1": -503.01790810376406,
      "reward_L2": -167.32019613683224,
      "control_cost_L1": 374.51790810376406,
      "control_cost_L2": 38.82019613683224,
      "std_pos_last": 42.24010179665865,
      "std_vel_last": 0.09958546021574906,
      "seed": 2,
      "pso_opt_time": 176.16488003730774,
      "pso_cost": 161.3687286376953
    },
    {
      "episode_length": 902,
      "convergence_time": 90.2,
      "reward_L1": -326.7237357124686,
      "reward_L2": -114.58228953927755,
      "control_cost_L1": 236.52373571246864,
      "control_cost_L2": 24.38228953927755,
      "std_pos_last": 40.640796017830354,
      "std_vel_last": 0.09922661393445839,
      "seed": 3,
      "pso_opt_time": 175.9521689414978,
      "pso_cost": 114.58228302001953
    },
    {
      "episode_length": 1256,
      "convergence_time": 125.60000000000001,
      "reward_L1": -478.8450613617897,
      "reward_L2": -161.20515631884336,
      "control_cost_L1": 353.2450613617897,
      "control_cost_L2": 35.605156318843356,
      "std_pos_last": 41.52611171870731,
      "std_vel_last": 0.09997434016991569,
      "seed": 4,
      "pso_opt_time": 176.22362279891968,
      "pso_cost": 162.83872985839844
    },
    {
      "episode_length": 1148,
      "convergence_time": 114.80000000000001,
      "reward_L1": -434.4480735361576,
      "reward_L2": -147.61712597310543,
      "control_cost_L1": 319.6480735361576,
      "control_cost_L2": 32.81712597310542,
      "std_pos_last": 41.31374390957642,
      "std_vel_last": 0.09968330515318535,
      "seed": 5,
      "pso_opt_time": 175.812438249588,
      "pso_cost": 147.7210693359375
    },
    {
      "episode_length": 840,
      "convergence_time": 84.0,
      "reward_L1": -238.1764613762498,
      "reward_L2": -100.1820096001029,
      "control_cost_L1": 154.1764613762498,
      "control_cost_L2": 16.1820096001029,
      "std_pos_last": 41.85849044539129,
      "std_vel_last": 0.09965174791528499,
      "seed": 6,
      "pso_opt_time": 176.35859394073486,
      "pso_cost": 100.18201446533203
    },
    {
      "episode_length": 1881,
      "convergence_time": 188.10000000000002,
      "reward_L1": -673.4831606596708,
      "reward_L2": -236.35356380790472,
      "control_cost_L1": 485.3831606596708,
      "control_cost_L2": 48.2535638079047,
      "std_pos_last": 41.54259979354602,
      "std_vel_last": 0.09914980247413259,
      "seed": 7,
      "pso_opt_time": 176.33418440818787,
      "pso_cost": 248.22293090820312
    },
    {
      "episode_length": 1122,
      "convergence_time": 112.2,
      "reward_L1": -409.39066131412983,
      "reward_L2": -142.36147765815258,
      "control_cost_L1": 297.19066131412984,
      "control_cost_L2": 30.161477658152577,
      "std_pos_last": 41.09600385203601,
      "std_vel_last": 0.09963377058561161,
      "seed": 8,
      "pso_opt_time": 176.31107544898987,
      "pso_cost": 147.18313598632812
    },
    {
      "episode_length": 1511,
      "convergence_time": 151.1,
      "reward_L1": -490.6951226145029,
      "reward_L2": -185.66631411761045,
      "control_cost_L1": 339.5951226145029,
      "control_cost_L2": 34.56631411761046,
      "std_pos_last": 41.392776467179736,
      "std_vel_last": 0.09991702524378808,
      "seed": 9,
      "pso_opt_time": 176.0027415752411,
      "pso_cost": 180.54725646972656
    },
    {
      "episode_length": 995,
      "convergence_time": 99.5,
      "reward_L1": -391.26365154236555,
      "reward_L2": -129.51445347815752,
      "control_cost_L1": 291.76365154236555,
      "control_cost_L2": 30.01445347815752,
      "std_pos_last": 41.290791821728305,
      "std_vel_last": 0.09933506208080867,
      "seed": 10,
      "pso_opt_time": 176.14820408821106,
      "pso_cost": 130.64605712890625
    },
    {
      "episode_length": 1093,
      "convergence_time": 109.30000000000001,
      "reward_L1": -383.9538541659713,
      "reward_L2": -137.9452454596758,
      "control_cost_L1": 274.65385416597127,
      "control_cost_L2": 28.645245459675778,
      "std_pos_last": 41.20774349259161,
      "std_vel_last": 0.09892061420648203,
      "seed": 11,
      "pso_opt_time": 176.22182655334473,
      "pso_cost": 137.7461700439453
    },
    {
      "episode_length": 1502,
      "convergence_time": 150.20000000000002,
      "reward_L1": -655.3165945261717,
      "reward_L2": -200.64663311094046,
      "control_cost_L1": 505.11659452617164,
      "control_cost_L2": 50.44663311094044,
      "std_pos_last": 41.150222148507424,
      "std_vel_last": 0.09942675648511995,
      "seed": 12,
      "pso_opt_time": 176.17603540420532,
      "pso_cost": 201.86724853515625
    },
    {
      "episode_length": 1274,
      "convergence_time": 127.4,
      "reward_L1": -566.7881838455796,
      "reward_L2": -172.00364626199007,
      "control_cost_L1": 439.38818384557965,
      "control_cost_L2": 44.603646261990065,
      "std_pos_last": 40.542254763174945,
      "std_vel_last": 0.09966550028189367,
      "seed": 13,
      "pso_opt_time": 176.26959681510925,
      "pso_cost": 183.55023193359375
    },
    {
      "episode_length": 1337,
      "convergence_time": 133.70000000000002,
      "reward_L1": -379.50033566355705,
      "reward_L2": -159.25557439029217,
      "control_cost_L1": 245.80033566355704,
      "control_cost_L2": 25.55557439029215,
      "std_pos_last": 41.36695723791299,
      "std_vel_last": 0.0985218326775219,
      "seed": 14,
      "pso_opt_time": 175.73821663856506,
      "pso_cost": 162.87571716308594
    },
    {
      "episode_length": 1544,
      "convergence_time": 154.4,
      "reward_L1": -637.9460217282176,
      "reward_L2": -202.72541803121567,
      "control_cost_L1": 483.5460217282176,
      "control_cost_L2": 48.32541803121566,
      "std_pos_last": 41.03448577523817,
      "std_vel_last": 0.09956033961225128,
      "seed": 15,
      "pso_opt_time": 176.12275457382202,