{
  "method": "pso_n64",
  "num_agents": 64,
  "num_episodes": 30,
  "seeds": [
    1,
    2,
    3,
    4,
    5,
    6,
    7,
    8,
    9,
    10,
    11,
    12,
    13,
    14,
    15,
    16,
    17,
    18,
    19,
    20,
    21,
    22,
    23,
    24,
    25,
    26,
    27,
    28,
    29,
    30
  ],
  "env_config": {
    "num_agents_max": 64,
    "num_agents_min": 64,
    "speed": 15,
    "predefined_distance": 60,
    "std_pos_converged": 45,
    "std_vel_converged": 0.1,
    "std_pos_rate_converged": 0.1,
    "std_vel_rate_converged": 0.2,
    "max_time_step": 2000,
    "incomplete_episode_penalty": 0,
    "normalize_obs": true,
    "use_fixed_horizon": false,
    "_use_fixed_lazy_idx": true,
    "use_preprocessed_obs": true,
    "use_mlp_settings": false,
    "get_state_hist": false,
    "use_L2_norm": true,
    "use_heuristics": false
  },
  "results": [
    {
      "episode_length": 1516,
      "convergence_time": 151.6,
      "reward_L1": -374.03215450793505,
      "reward_L2": -204.2699714899063,
      "control_cost_L1": 222.43215450793505,
      "control_cost_L2": 52.66997148990632,
      "std_pos_last": 42.30374762913831,
      "std_vel_last": 0.09971525727097769,
      "seed": 1,
      "pso_opt_time": 151.63504004478455,
      "pso_cost": 204.26992797851562
    },
    {
      "episode_length": 348,
      "convergence_time": 34.800000000000004,
      "reward_L1": -106.296545766294,
      "reward_L2": -60.636175878345966,
      "control_cost_L1": 71.49654576629399,
      "control_cost_L2": 25.836175878345962,
      "std_pos_last": 39.86766041504256,
      "std_vel_last": 0.09857806643810109,
      "seed": 2,
      "pso_opt_time": 224.0617949962616,
      "pso_cost": 60.63617706298828
    },
    {
      "episode_length": 688,
      "convergence_time": 68.8,
      "reward_L1": -261.01815927773714,
      "reward_L2": -142.68758353590965,
      "control_cost_L1": 192.21815927773713,
      "control_cost_L2": 73.88758353590966,
      "std_pos_last": 40.44660818543874,
      "std_vel_last": 0.09812113677820451,
      "seed": 3,
      "pso_opt_time": 63.32903981208801,
      "pso_cost": 142.68743896484375
    },
    {
      "episode_length": 337,
      "convergence_time": 33.7,
      "reward_L1": -102.70316319167614,
      "reward_L2": -58.01178930699825,
      "control_cost_L1": 69.00316319167614,
      "control_cost_L2": 24.31178930699825,
      "std_pos_last": 38.50483513605786,
      "std_vel_last": 0.09712797289837492,
      "seed": 4,
      "pso_opt_time": 169.26962447166443,
      "pso_cost": 58.01179122924805
    },
    {
      "episode_length": 469,
      "convergence_time": 46.900000000000006,
      "reward_L1": -154.3392971009016,
      "reward_L2": -81.1485515460372,
      "control_cost_L1": 107.4392971009016,
      "control_cost_L2": 34.24855154603719,
      "std_pos_last": 38.952073323151524,
      "std_vel_last": 0.09422632159323982,
      "seed": 5,
      "pso_opt_time": 310.2522540092468,
      "pso_cost": 81.14855194091797
    },
    {
      "episode_length": 330,
      "convergence_time": 33.0,
      "reward_L1": -102.84360094368458,
      "reward_L2": -58.583243153989315,
      "control_cost_L1": 69.84360094368458,
      "control_cost_L2": 25.583243153989315,
      "std_pos_last": 39.93818030468102,
      "std_vel_last": 0.09960724683308658,
      "seed": 6,
      "pso_opt_time": 176.13284301757812,
      "pso_cost": 58.58324432373047
    },
    {
      "episode_length": 853,
      "convergence_time": 85.30000000000001,
      "reward_L1": -265.32743372023106,
      "reward_L2": -154.2577157318592,
      "control_cost_L1": 180.02743372023104,
      "control_cost_L2": 68.9577157318592,
      "std_pos_last": 41.316811553881855,
      "std_vel_last": 0.09995307142491129,
      "seed": 7,
      "pso_opt_time": 64.79512739181519,
      "pso_cost": 154.25753784179688
    },
    {
      "episode_length": 2000,
      "convergence_time": 200.0,
      "reward_L1": -200.199994251132,
      "reward_L2": -200.0000228136778,
      "control_cost_L1": 0.1999942511320114,
      "control_cost_L2": 2.2813677787780762e-05,
      "std_pos_last": 2996.396785359368,
      "std_vel_last": 14.930540104400457,
      "seed": 8,
      "pso_opt_time": 466.15499782562256,
      "pso_cost": 200.00001525878906
    },
    {
      "episode_length": 2000,
      "convergence_time": 200.0,
      "reward_L1": -200.1911172643304,
      "reward_L2": -200.00001788139343,
      "control_cost_L1": 0.19111726433038712,
      "control_cost_L2": 1.7881393432617188e-05,
      "std_pos_last": 2922.3087240544264,
      "std_vel_last": 14.655081653561624,
      "seed": 9,
      "pso_opt_time": 432.8847064971924,
      "pso_cost": 200.00001525878906
    },
    {
      "episode_length": 332,
      "convergence_time": 33.2,
      "reward_L1": -99.16954039782286,
      "reward_L2": -56.57363649457693,
      "control_cost_L1": 65.96954039782285,
      "control_cost_L2": 23.373636494576928,
      "std_pos_last": 39.41573968990785,
      "std_vel_last": 0.09866181262117352,
      "seed": 10,
      "pso_opt_time": 220.26853108406067,
      "pso_cost": 56.573638916015625
    },
    {
      "episode_length": 823,
      "convergence_time": 82.30000000000001,
      "reward_L1": -179.81400848925114,
      "reward_L2": -109.50008850544691,
      "control_cost_L1": 97.51400848925113,
      "control_cost_L2": 27.2000885054469,
      "std_pos_last": 41.75805828887342,
      "std_vel_last": 0.09745170881970755,
      "seed": 11,
      "pso_opt_time": 64.95659279823303,
      "pso_cost": 109.50009155273438
    },
    {
      "episode_length": 806,
      "convergence_time": 80.60000000000001,
      "reward_L1": -298.26312505453825,
      "reward_L2": -162.11735551804304,
      "control_cost_L1": 217.66312505453823,
      "control_cost_L2": 81.51735551804303,
      "std_pos_last": 40.41053074942729,
      "std_vel_last": 0.09957064366217892,
      "seed": 12,
      "pso_opt_time": 108.54224562644958,
      "pso_cost": 162.2067413330078
    },
    {
      "episode_length": 2000,
      "convergence_time": 200.0,
      "reward_L1": -247.04656645655632,
      "reward_L2": -201.8403418585658,
      "control_cost_L1": 47.04656645655632,
      "control_cost_L2": 1.8403418585658073,
      "std_pos_last": 1006.5211751378365,
      "std_vel_last": 7.352917935925827,
      "seed": 13,
      "pso_opt_time": 1965.9522206783295,
      "pso_cost": 201.84036254882812
    },
    {
      "episode_length": 1067,
      "convergence_time": 106.7,
      "reward_L1": -245.34197985380888,
      "reward_L2": -159.09365721046925,
      "control_cost_L1": 138.6419798538089,
      "control_cost_L2": 52.39365721046924,
      "std_pos_last": 42.13538881666845,
      "std_vel_last": 0.0999026286377243,
      "seed": 14,
      "pso_opt_time": 64.5289101600647,
      "pso_cost": 159.09378051757812
    },
    {
      "episode_length": 675,
      "convergence_time": 67.5,
      "reward_L1": -189.01677809655666,
      "reward_L2": -108.60144072771072,
      "control_cost_L1": 121.51677809655666,
      "control_cost_L2": 41.101440727710724,
      "std_pos_last": 39.63939866909354,
      "std_vel_last": 0.09925885452191789,
      "seed": 15,
      "pso_opt_time": 85.89978098869324,
      "pso_cost": 108.6014404296875
    },
    {
      "episode_length": 2000,
      "convergence_time": 200.0,
      "reward_L1": -200.19969478994608,
      "reward_L2": -200.00001788139343,
      "control_cost_L1": 0.19969478994607925,
      "control_cost_L2": 1.7881393432617188e-05,
      "std_pos_last": 3007.652229456044,
      "std_vel_last": 14.977529020243557,
      "seed": 16,
      "pso_opt_time": 418.62019896507263,
      "pso_cost": 200.00001525878906
    },
    {
      "episode_length": 2000,
      "convergence_time": 200.0,
      "reward_L1": -200.1299331113696,
      "reward_L2": -200.00000298023224,
      "control_cost_L1": 0.12993311136960983,
      "control_cost_L2": 2.9802322387695312e-06,