{
  "method": "pso_n32",
  "num_agents": 32,
  "num_episodes": 30,
  "seeds": [
    801,
    802,
    803,
    804,
    805,
    806,
    807,
    808,
    809,
    810,
    811,
    812,
    813,
    814,
    815,
    816,
    817,
    818,
    819,
    820,
    821,
    822,
    823,
    824,
    825,
    826,
    827,
    828,
    829,
    830,
    831,
    832,
    833,
    834,
    835,
    836,
    837,
    838,
    839,
    840,
    841,
    842,
    843,
    844,
    845,
    846,
    847,
    848,
    849,
    850,
    851,
    852,
    853,
    854,
    855,
    856,
    857,
    858,
    859,
    860,
    861,
    862,
    863,
    864,
    865,
    866,
    867,
    868,
    869,
    870,
    871,
    872,
    873,
    874,
    875,
    876,
    877,
    878,
    879,
    880,
    881,
    882,
    883,
    884,
    885,
    886,
    887,
    888,
    889,
    890,
    891,
    892,
    893,
    894,
    895,
    896,
    897,
    898,
    899,
    900
  ],
  "env_config": {
    "num_agents_max": 32,
    "num_agents_min": 32,
    "speed": 15,
    "predefined_distance": 60,
    "std_pos_converged": 45,
    "std_vel_converged": 0.1,
    "std_pos_rate_converged": 0.1,
    "std_vel_rate_converged": 0.2,
    "max_time_step": 2000,
    "incomplete_episode_penalty": 0,
    "normalize_obs": true,
    "use_fixed_horizon": false,
    "_use_fixed_lazy_idx": true,
    "use_preprocessed_obs": true,
    "use_mlp_settings": false,
    "get_state_hist": false,
    "use_L2_norm": true,
    "use_heuristics": false
  },
  "results": [
    {
      "episode_length": 270,
      "convergence_time": 27.0,
      "reward_L1": -92.96758427470922,
      "reward_L2": -40.824783846735954,
      "control_cost_L1": 65.96758427470922,
      "control_cost_L2": 13.824783846735954,
      "std_pos_last": 38.33696395085358,
      "std_vel_last": 0.09994761286375131,
      "seed": 1,
      "pso_opt_time": 424.5756833553314,
      "pso_cost": 40.82478332519531
    },
    {
      "episode_length": 301,
      "convergence_time": 30.1,
      "reward_L1": -98.47696444392204,
      "reward_L2": -44.626541279256344,
      "control_cost_L1": 68.37696444392205,
      "control_cost_L2": 14.526541279256342,
      "std_pos_last": 38.42667678989619,
      "std_vel_last": 0.09966561389539552,
      "seed": 2,
      "pso_opt_time": 105.96482300758362,
      "pso_cost": 44.62654113769531
    },
    {
      "episode_length": 690,
      "convergence_time": 69.0,
      "reward_L1": -255.21014636009932,
      "reward_L2": -106.88058105111122,
      "control_cost_L1": 186.21014636009932,
      "control_cost_L2": 37.88058105111122,
      "std_pos_last": 38.878978254093056,
      "std_vel_last": 0.09849916731569056,
      "seed": 3,
      "pso_opt_time": 69.99380421638489,
      "pso_cost": 106.88072967529297
    },
    {
      "episode_length": 303,
      "convergence_time": 30.3,
      "reward_L1": -99.73388554900885,
      "reward_L2": -44.88533949106932,
      "control_cost_L1": 69.43388554900885,
      "control_cost_L2": 14.585339491069316,
      "std_pos_last": 39.35601687708144,
      "std_vel_last": 0.09999953893125292,
      "seed": 4,
      "pso_opt_time": 322.2102732658386,
      "pso_cost": 44.885337829589844
    },
    {
      "episode_length": 359,
      "convergence_time": 35.9,
      "reward_L1": -118.07040303945541,
      "reward_L2": -53.190324537456036,
      "control_cost_L1": 82.17040303945541,
      "control_cost_L2": 17.290324537456037,
      "std_pos_last": 38.09384147788455,
      "std_vel_last": 0.09999672569168794,
      "seed": 5,
      "pso_opt_time": 222.5822455883026,
      "pso_cost": 53.19032287597656
    },
    {
      "episode_length": 324,
      "convergence_time": 32.4,
      "reward_L1": -114.04881179332733,
      "reward_L2": -49.35557264089584,
      "control_cost_L1": 81.64881179332733,
      "control_cost_L2": 16.955572640895845,
      "std_pos_last": 38.02655665515594,
      "std_vel_last": 0.09999886838852386,
      "seed": 6,
      "pso_opt_time": 288.3134891986847,
      "pso_cost": 49.35557174682617
    },
    {
      "episode_length": 274,
      "convergence_time": 27.400000000000002,
      "reward_L1": -90.7237993851304,
      "reward_L2": -40.75468052923679,
      "control_cost_L1": 63.3237993851304,
      "control_cost_L2": 13.354680529236791,
      "std_pos_last": 38.75391386655999,
      "std_vel_last": 0.09686648721937795,
      "seed": 7,
      "pso_opt_time": 202.51789784431458,
      "pso_cost": 40.65354919433594
    },
    {
      "episode_length": 331,
      "convergence_time": 33.1,
      "reward_L1": -107.40327905863523,
      "reward_L2": -49.247023195028305,
      "control_cost_L1": 74.30327905863524,
      "control_cost_L2": 16.147023195028304,
      "std_pos_last": 39.24660059886838,
      "std_vel_last": 0.09687574249942518,
      "seed": 8,
      "pso_opt_time": 60.687530517578125,
      "pso_cost": 49.24702072143555
    },
    {
      "episode_length": 703,
      "convergence_time": 70.3,
      "reward_L1": -191.77177698165178,
      "reward_L2": -95.63447617739439,
      "control_cost_L1": 121.47177698165179,
      "control_cost_L2": 25.334476177394393,
      "std_pos_last": 41.16370563010845,
      "std_vel_last": 0.09995342950658109,
      "seed": 9,
      "pso_opt_time": 38.42230439186096,
      "pso_cost": 95.63447570800781
    },
    {
      "episode_length": 374,
      "convergence_time": 37.4,
      "reward_L1": -111.16164468973875,
      "reward_L2": -52.72014178335667,
      "control_cost_L1": 73.76164468973874,
      "control_cost_L2": 15.320141783356668,
      "std_pos_last": 39.57985474045886,
      "std_vel_last": 0.09830829252521606,
      "seed": 10,
      "pso_opt_time": 55.203593254089355,
      "pso_cost": 52.72014236450195
    },
    {
      "episode_length": 307,
      "convergence_time": 30.700000000000003,
      "reward_L1": -102.52564921230078,
      "reward_L2": -45.97867012023926,
      "control_cost_L1": 71.82564921230077,
      "control_cost_L2": 15.278670120239255,
      "std_pos_last": 39.03932261507575,
      "std_vel_last": 0.09999988967286175,
      "seed": 11,
      "pso_opt_time": 239.43149280548096,
      "pso_cost": 45.978668212890625
    },
    {
      "episode_length": 383,
      "convergence_time": 38.300000000000004,
      "reward_L1": -127.54483243823051,
      "reward_L2": -57.084902100265026,
      "control_cost_L1": 89.2448324382305,
      "control_cost_L2": 18.784902100265022,
      "std_pos_last": 38.45216222959575,
      "std_vel_last": 0.09957328434310078,
      "seed": 12,
      "pso_opt_time": 91.13320517539978,
      "pso_cost": 57.08489990234375
    },
    {
      "episode_length": 316,
      "convergence_time": 31.6,
      "reward_L1": -95.5151559561491,
      "reward_L2": -45.97836013138294,
      "control_cost_L1": 63.9151559561491,
      "control_cost_L2": 14.37836013138294,
      "std_pos_last": 39.40262417160364,
      "std_vel_last": 0.09950132242121093,
      "seed": 13,
      "pso_opt_time": 57.588449001312256,
      "pso_cost": 45.97835922241211
    },
    {
      "episode_length": 2000,
      "convergence_time": 200.0,
      "reward_L1": -351.1108121648431,
      "reward_L2": -232.32632392644882,
      "control_cost_L1": 151.11081216484308,
      "control_cost_L2": 32.32632392644882,
      "std_pos_last": 60.38799955301703,
      "std_vel_last": 0.6805955319223603,
      "seed": 14,
      "pso_opt_time": 36.57420611381531,
      "pso_cost": 232.32632446289062
    },
    {
      "episode_length": 411,
      "convergence_time": 41.1,
      "reward_L1": -158.36787456274033,
      "reward_L2": -64.8298959210515,
      "control_cost_L1": 117.26787456274033,
      "control_cost_L2": 23.7298959210515,
      "std_pos_last": 38.68819466393904,
      "std_vel_last": 0.09498748932653694,
      "seed": 15,
      "pso_opt_time": 94.67126083374023,
      "pso_cost": 64.82989501953125
    },
    {
      "episode_length": 286,
      "convergence_time": 28.6,