{
  "method": "pso_n16",
  "num_agents": 16,
  "num_episodes": 30,
  "seeds": [
    801,
    802,
    803,
    804,
    805,
    806,
    807,
    808,
    809,
    810,
    811,
    812,
    813,
    814,
    815,
    816,
    817,
    818,
    819,
    820,
    821,
    822,
    823,
    824,
    825,
    826,
    827,
    828,
    829,
    830,
    831,
    832,
    833,
    834,
    835,
    836,
    837,
    838,
    839,
    840,
    841,
    842,
    843,
    844,
    845,
    846,
    847,
    848,
    849,
    850,
    851,
    852,
    853,
    854,
    855,
    856,
    857,
    858,
    859,
    860,
    861,
    862,
    863,
    864,
    865,
    866,
    867,
    868,
    869,
    870,
    871,
    872,
    873,
    874,
    875,
    876,
    877,
    878,
    879,
    880,
    881,
    882,
    883,
    884,
    885,
    886,
    887,
    888,
    889,
    890,
    891,
    892,
    893,
    894,
    895,
    896,
    897,
    898,
    899,
    900
  ],
  "env_config": {
    "num_agents_max": 16,
    "num_agents_min": 16,
    "speed": 15,
    "predefined_distance": 60,
    "std_pos_converged": 45,
    "std_vel_converged": 0.1,
    "std_pos_rate_converged": 0.1,
    "std_vel_rate_converged": 0.2,
    "max_time_step": 2000,
    "incomplete_episode_penalty": 0,
    "normalize_obs": true,
    "use_fixed_horizon": false,
    "_use_fixed_lazy_idx": true,
    "use_preprocessed_obs": true,
    "use_mlp_settings": false,
    "get_state_hist": false,
    "use_L2_norm": true,
    "use_heuristics": false
  },
  "results": [
    {
      "episode_length": 1213,
      "convergence_time": 121.30000000000001,
      "reward_L1": -283.92843191325665,
      "reward_L2": -169.48337575048208,
      "control_cost_L1": 162.62843191325663,
      "control_cost_L2": 48.18337575048207,
      "std_pos_last": 37.60522685920319,
      "std_vel_last": 0.09816872580484451,
      "seed": 1,
      "pso_opt_time": 304.7128322124481,
      "pso_cost": 169.48338317871094
    },
    {
      "episode_length": 301,
      "convergence_time": 30.1,
      "reward_L1": -91.59056108444929,
      "reward_L2": -48.81488937884569,
      "control_cost_L1": 61.49056108444929,
      "control_cost_L2": 18.71488937884569,
      "std_pos_last": 39.07454578430587,
      "std_vel_last": 0.09999989708591174,
      "seed": 2,
      "pso_opt_time": 990.494518995285,
      "pso_cost": 48.81488800048828
    },
    {
      "episode_length": 257,
      "convergence_time": 25.700000000000003,
      "reward_L1": -89.16138731688261,
      "reward_L2": -43.80464070290327,
      "control_cost_L1": 63.46138731688261,
      "control_cost_L2": 18.104640702903268,
      "std_pos_last": 38.03305554781475,
      "std_vel_last": 0.09891572299036387,
      "seed": 3,
      "pso_opt_time": 294.936970949173,
      "pso_cost": 43.80464172363281
    },
    {
      "episode_length": 398,
      "convergence_time": 39.800000000000004,
      "reward_L1": -116.87549774348736,
      "reward_L2": -63.110307440161705,
      "control_cost_L1": 77.07549774348735,
      "control_cost_L2": 23.3103074401617,
      "std_pos_last": 37.539874717695994,
      "std_vel_last": 0.09912590897952298,
      "seed": 4,
      "pso_opt_time": 273.0101282596588,
      "pso_cost": 63.11030960083008
    },
    {
      "episode_length": 272,
      "convergence_time": 27.200000000000003,
      "reward_L1": -87.79058821499348,
      "reward_L2": -45.32946703583002,
      "control_cost_L1": 60.590588214993474,
      "control_cost_L2": 18.129467035830018,
      "std_pos_last": 37.41910525268113,
      "std_vel_last": 0.099999673182682,
      "seed": 5,
      "pso_opt_time": 945.7959651947021,
      "pso_cost": 45.329463958740234
    },
    {
      "episode_length": 311,
      "convergence_time": 31.1,
      "reward_L1": -95.7899871841073,
      "reward_L2": -51.06345171481371,
      "control_cost_L1": 64.68998718410731,
      "control_cost_L2": 19.963451714813708,
      "std_pos_last": 39.64690254826581,
      "std_vel_last": 0.09999976401070738,
      "seed": 6,
      "pso_opt_time": 1582.2147772312164,
      "pso_cost": 51.063453674316406
    },
    {
      "episode_length": 269,
      "convergence_time": 26.900000000000002,
      "reward_L1": -87.43139931559563,
      "reward_L2": -45.45714661478996,
      "control_cost_L1": 60.53139931559562,
      "control_cost_L2": 18.55714661478996,
      "std_pos_last": 37.87731897390809,
      "std_vel_last": 0.09999997407769075,
      "seed": 7,
      "pso_opt_time": 566.4385604858398,
      "pso_cost": 45.45714569091797
    },
    {
      "episode_length": 288,
      "convergence_time": 28.8,
      "reward_L1": -96.18548879027367,
      "reward_L2": -48.460355423390865,
      "control_cost_L1": 67.38548879027367,
      "control_cost_L2": 19.660355423390865,
      "std_pos_last": 38.26863914008676,
      "std_vel_last": 0.09999990094988974,
      "seed": 8,
      "pso_opt_time": 904.117582321167,
      "pso_cost": 48.46035385131836
    },
    {
      "episode_length": 321,
      "convergence_time": 32.1,
      "reward_L1": -116.6469834446907,
      "reward_L2": -56.10442452132702,
      "control_cost_L1": 84.54698344469071,
      "control_cost_L2": 24.004424521327017,
      "std_pos_last": 38.33690917750908,
      "std_vel_last": 0.09975192004240133,
      "seed": 9,
      "pso_opt_time": 441.3265278339386,
      "pso_cost": 56.10442352294922
    },
    {
      "episode_length": 285,
      "convergence_time": 28.5,
      "reward_L1": -104.14536199718714,
      "reward_L2": -50.45210783183575,
      "control_cost_L1": 75.64536199718714,
      "control_cost_L2": 21.952107831835747,
      "std_pos_last": 37.83826417387513,
      "std_vel_last": 0.09999965025976745,
      "seed": 10,
      "pso_opt_time": 1158.7077460289001,
      "pso_cost": 50.45210647583008
    },
    {
      "episode_length": 300,
      "convergence_time": 30.0,
      "reward_L1": -101.44265839457512,
      "reward_L2": -51.1659981906414,
      "control_cost_L1": 71.44265839457512,
      "control_cost_L2": 21.165998190641403,
      "std_pos_last": 37.592286004443864,
      "std_vel_last": 0.09999845801610627,
      "seed": 11,
      "pso_opt_time": 631.4823377132416,
      "pso_cost": 51.16599655151367
    },
    {
      "episode_length": 330,
      "convergence_time": 33.0,
      "reward_L1": -97.59027422219515,
      "reward_L2": -52.604675725102425,
      "control_cost_L1": 64.59027422219515,
      "control_cost_L2": 19.604675725102425,
      "std_pos_last": 38.207297683954856,
      "std_vel_last": 0.09854926243354752,
      "seed": 12,
      "pso_opt_time": 193.43370723724365,
      "pso_cost": 52.60467529296875
    },
    {
      "episode_length": 278,
      "convergence_time": 27.8,
      "reward_L1": -88.40979970991611,
      "reward_L2": -46.600833371281624,
      "control_cost_L1": 60.60979970991612,
      "control_cost_L2": 18.800833371281623,
      "std_pos_last": 37.51369449024679,
      "std_vel_last": 0.09672462774317572,
      "seed": 13,
      "pso_opt_time": 323.9443669319153,
      "pso_cost": 46.60074996948242
    },
    {
      "episode_length": 394,
      "convergence_time": 39.400000000000006,
      "reward_L1": -130.5584896504879,
      "reward_L2": -65.65573423355818,
      "control_cost_L1": 91.1584896504879,
      "control_cost_L2": 26.255734233558172,
      "std_pos_last": 38.16975355822699,
      "std_vel_last": 0.09782796991806414,
      "seed": 14,
      "pso_opt_time": 301.49571537971497,
      "pso_cost": 65.65567779541016
    },
    {
      "episode_length": 283,
      "convergence_time": 28.3,
      "reward_L1": -93.60729439556599,
      "reward_L2": -47.57894392311573,
      "control_cost_L1": 65.30729439556599,
      "control_cost_L2": 19.27894392311573,
      "std_pos_last": 38.889027283671915,
      "std_vel_last": 0.09990542681325547,
      "seed": 15,
      "pso_opt_time": 360.0213551521301,
      "pso_cost": 47.57894515991211
    },
    {
      "episode_length": 412,