{
  "method": "pso_n128",
  "num_agents": 128,
  "num_episodes": 30,
  "seeds": [
    801,
    802,
    803,
    804,
    805,
    806,
    807,
    808,
    809,
    810,
    811,
    812,
    813,
    814,
    815,
    816,
    817,
    818,
    819,
    820,
    821,
    822,
    823,
    824,
    825,
    826,
    827,
    828,
    829,
    830,
    831,
    832,
    833,
    834,
    835,
    836,
    837,
    838,
    839,
    840,
    841,
    842,
    843,
    844,
    845,
    846,
    847,
    848,
    849,
    850,
    851,
    852,
    853,
    854,
    855,
    856,
    857,
    858,
    859,
    860,
    861,
    862,
    863,
    864,
    865,
    866,
    867,
    868,
    869,
    870,
    871,
    872,
    873,
    874,
    875,
    876,
    877,
    878,
    879,
    880,
    881,
    882,
    883,
    884,
    885,
    886,
    887,
    888,
    889,
    890,
    891,
    892,
    893,
    894,
    895,
    896,
    897,
    898,
    899,
    900
  ],
  "env_config": {
    "num_agents_max": 128,
    "num_agents_min": 128,
    "speed": 15,
    "predefined_distance": 60,
    "std_pos_converged": 45,
    "std_vel_converged": 0.1,
    "std_pos_rate_converged": 0.1,
    "std_vel_rate_converged": 0.2,
    "max_time_step": 2000,
    "incomplete_episode_penalty": 0,
    "normalize_obs": true,
    "use_fixed_horizon": false,
    "_use_fixed_lazy_idx": true,
    "use_preprocessed_obs": true,
    "use_mlp_settings": false,
    "get_state_hist": false,
    "use_L2_norm": true,
    "use_heuristics": false
  },
  "results": [
    {
      "episode_length": 2000,
      "convergence_time": 200.0,
      "reward_L1": -200.22355438023806,
      "reward_L2": -200.00001788139343,
      "control_cost_L1": 0.22355438023805618,
      "control_cost_L2": 1.7881393432617188e-05,
      "std_pos_last": 2982.124933917817,
      "std_vel_last": 14.92345483343398,
      "seed": 1,
      "pso_opt_time": 2882.6254868507385,
      "pso_cost": 200.00001525878906
    },
    {
      "episode_length": 1285,
      "convergence_time": 128.5,
      "reward_L1": -503.01790810376406,
      "reward_L2": -281.8407567963004,
      "control_cost_L1": 374.51790810376406,
      "control_cost_L2": 153.3407567963004,
      "std_pos_last": 42.24010179665865,
      "std_vel_last": 0.09958546021574906,
      "seed": 2,
      "pso_opt_time": 189.42620372772217,
      "pso_cost": 275.10662841796875
    },
    {
      "episode_length": 902,
      "convergence_time": 90.2,
      "reward_L1": -326.7237357124686,
      "reward_L2": -187.34738562256098,
      "control_cost_L1": 236.52373571246864,
      "control_cost_L2": 97.14738562256098,
      "std_pos_last": 40.640796017830354,
      "std_vel_last": 0.09922661393445839,
      "seed": 3,
      "pso_opt_time": 189.88319754600525,
      "pso_cost": 187.3473663330078
    },
    {
      "episode_length": 1256,
      "convergence_time": 125.60000000000001,
      "reward_L1": -478.8450613617897,
      "reward_L2": -258.2912407666445,
      "control_cost_L1": 353.2450613617897,
      "control_cost_L2": 132.69124076664446,
      "std_pos_last": 41.52611171870731,
      "std_vel_last": 0.09997434016991569,
      "seed": 4,
      "pso_opt_time": 191.02032995224,
      "pso_cost": 259.87115478515625
    },
    {
      "episode_length": 1148,
      "convergence_time": 114.80000000000001,
      "reward_L1": -434.4480735361576,
      "reward_L2": -240.9568698257208,
      "control_cost_L1": 319.6480735361576,
      "control_cost_L2": 126.15686982572078,
      "std_pos_last": 41.31374390957642,
      "std_vel_last": 0.09968330515318535,
      "seed": 5,
      "pso_opt_time": 189.82430243492126,
      "pso_cost": 241.0529327392578
    },
    {
      "episode_length": 840,
      "convergence_time": 84.0,
      "reward_L1": -238.1764613762498,
      "reward_L2": -140.31790224462748,
      "control_cost_L1": 154.1764613762498,
      "control_cost_L2": 56.317902244627476,
      "std_pos_last": 41.85849044539129,
      "std_vel_last": 0.09965174791528499,
      "seed": 6,
      "pso_opt_time": 188.50667548179626,
      "pso_cost": 140.31790161132812
    },
    {
      "episode_length": 2000,
      "convergence_time": 200.0,
      "reward_L1": -200.28050710260868,
      "reward_L2": -200.00003278255463,
      "control_cost_L1": 0.2805071026086807,
      "control_cost_L2": 3.2782554626464844e-05,
      "std_pos_last": 2990.80046141011,
      "std_vel_last": 14.891411767715288,
      "seed": 7,
      "pso_opt_time": 2620.8323500156403,
      "pso_cost": 200.00003051757812
    },
    {
      "episode_length": 1122,
      "convergence_time": 112.2,
      "reward_L1": -409.39066131412983,
      "reward_L2": -226.18606239557266,
      "control_cost_L1": 297.19066131412984,
      "control_cost_L2": 113.98606239557266,
      "std_pos_last": 41.09600385203601,
      "std_vel_last": 0.09963377058561161,
      "seed": 8,
      "pso_opt_time": 188.95214676856995,
      "pso_cost": 230.98675537109375
    },
    {
      "episode_length": 1511,
      "convergence_time": 151.1,
      "reward_L1": -490.6951226145029,
      "reward_L2": -277.1838553994894,
      "control_cost_L1": 339.5951226145029,
      "control_cost_L2": 126.08385539948941,
      "std_pos_last": 41.392776467179736,
      "std_vel_last": 0.09991702524378808,
      "seed": 9,
      "pso_opt_time": 188.86704635620117,
      "pso_cost": 272.08343505859375
    },
    {
      "episode_length": 995,
      "convergence_time": 99.5,
      "reward_L1": -391.26365154236555,
      "reward_L2": -214.88921596854925,
      "control_cost_L1": 291.76365154236555,
      "control_cost_L2": 115.38921596854925,
      "std_pos_last": 41.290791821728305,
      "std_vel_last": 0.09933506208080867,
      "seed": 10,
      "pso_opt_time": 187.07568788528442,
      "pso_cost": 216.07411193847656
    },
    {
      "episode_length": 1093,
      "convergence_time": 109.30000000000001,
      "reward_L1": -383.9538541659713,
      "reward_L2": -207.11258892714977,
      "control_cost_L1": 274.65385416597127,
      "control_cost_L2": 97.81258892714976,
      "std_pos_last": 41.20774349259161,
      "std_vel_last": 0.09892061420648203,
      "seed": 11,
      "pso_opt_time": 188.98399329185486,
      "pso_cost": 206.91322326660156
    },
    {
      "episode_length": 1502,
      "convergence_time": 150.20000000000002,
      "reward_L1": -655.3165945261717,
      "reward_L2": -342.4003471881151,
      "control_cost_L1": 505.11659452617164,
      "control_cost_L2": 192.2003471881151,
      "std_pos_last": 41.150222148507424,
      "std_vel_last": 0.09942675648511995,
      "seed": 12,
      "pso_opt_time": 188.8882257938385,
      "pso_cost": 343.6176452636719
    },
    {
      "episode_length": 1274,
      "convergence_time": 127.4,
      "reward_L1": -566.7881838455796,
      "reward_L2": -305.1157355681062,
      "control_cost_L1": 439.38818384557965,
      "control_cost_L2": 177.71573556810617,
      "std_pos_last": 40.542254763174945,
      "std_vel_last": 0.09966550028189367,
      "seed": 13,
      "pso_opt_time": 189.27464604377747,
      "pso_cost": 317.74444580078125
    },
    {
      "episode_length": 1337,
      "convergence_time": 133.70000000000002,
      "reward_L1": -379.50033566355705,
      "reward_L2": -223.50345995277166,
      "control_cost_L1": 245.80033566355704,
      "control_cost_L2": 89.80345995277165,
      "std_pos_last": 41.36695723791299,
      "std_vel_last": 0.0985218326775219,
      "seed": 14,
      "pso_opt_time": 187.7646291255951,
      "pso_cost": 227.18524169921875
    },
    {
      "episode_length": 1544,
      "convergence_time": 154.4,
      "reward_L1": -637.9460217282176,
      "reward_L2": -340.64078088104725,
      "control_cost_L1": 483.5460217282176,
      "control_cost_L2": 186.24078088104724,
      "std_pos_last": 41.03448577523817,
      "std_vel_last": 0.09956033961225128,
      "seed": 15,
      "pso_opt_time": 189.38459467887878,