{
  "method": "pso_n256",
  "num_agents": 256,
  "num_episodes": 30,
  "seeds": [
    801,
    802,
    803,
    804,
    805,
    806,
    807,
    808,
    809,
    810,
    811,
    812,
    813,
    814,
    815,
    816,
    817,
    818,
    819,
    820,
    821,
    822,
    823,
    824,
    825,
    826,
    827,
    828,
    829,
    830,
    831,
    832,
    833,
    834,
    835,
    836,
    837,
    838,
    839,
    840,
    841,
    842,
    843,
    844,
    845,
    846,
    847,
    848,
    849,
    850,
    851,
    852,
    853,
    854,
    855,
    856,
    857,
    858,
    859,
    860,
    861,
    862,
    863,
    864,
    865,
    866,
    867,
    868,
    869,
    870,
    871,
    872,
    873,
    874,
    875,
    876,
    877,
    878,
    879,
    880,
    881,
    882,
    883,
    884,
    885,
    886,
    887,
    888,
    889,
    890,
    891,
    892,
    893,
    894,
    895,
    896,
    897,
    898,
    899,
    900
  ],
  "env_config": {
    "num_agents_max": 256,
    "num_agents_min": 256,
    "speed": 15,
    "predefined_distance": 60,
    "std_pos_converged": 45,
    "std_vel_converged": 0.1,
    "std_pos_rate_converged": 0.1,
    "std_vel_rate_converged": 0.2,
    "max_time_step": 2000,
    "incomplete_episode_penalty": 0,
    "normalize_obs": true,
    "use_fixed_horizon": false,
    "_use_fixed_lazy_idx": true,
    "use_preprocessed_obs": true,
    "use_mlp_settings": false,
    "get_state_hist": false,
    "use_L2_norm": true,
    "use_heuristics": false
  },
  "results": [
    {
      "episode_length": 1091,
      "convergence_time": 109.10000000000001,
      "reward_L1": -311.0485586076975,
      "reward_L2": -124.49014858156443,
      "control_cost_L1": 201.94855860769746,
      "control_cost_L2": 15.390148581564418,
      "std_pos_last": 41.80412589992773,
      "std_vel_last": 0.09984252005265369,
      "seed": 1,
      "pso_opt_time": 2077.464593410492,
      "pso_cost": 124.4899673461914
    },
    {
      "episode_length": 1345,
      "convergence_time": 134.5,
      "reward_L1": -533.6751551553607,
      "reward_L2": -162.63802645355463,
      "control_cost_L1": 399.1751551553607,
      "control_cost_L2": 28.13802645355463,
      "std_pos_last": 41.155399463711056,
      "std_vel_last": 0.09961623607403247,
      "seed": 2,
      "pso_opt_time": 2078.3741278648376,
      "pso_cost": 184.63885498046875
    },
    {
      "episode_length": 1740,
      "convergence_time": 174.0,
      "reward_L1": -710.5718811154366,
      "reward_L2": -212.02902864664793,
      "control_cost_L1": 536.5718811154366,
      "control_cost_L2": 38.02902864664793,
      "std_pos_last": 41.35965260842837,
      "std_vel_last": 0.09974188840299542,
      "seed": 3,
      "pso_opt_time": 2073.684789419174,
      "pso_cost": 185.7499237060547
    },
    {
      "episode_length": 1189,
      "convergence_time": 118.9,
      "reward_L1": -450.9509131908417,
      "reward_L2": -143.22838655859232,
      "control_cost_L1": 332.0509131908417,
      "control_cost_L2": 24.328386558592314,
      "std_pos_last": 40.52363992823493,
      "std_vel_last": 0.09995214595005626,
      "seed": 4,
      "pso_opt_time": 2059.680549144745,
      "pso_cost": 143.92630004882812
    },
    {
      "episode_length": 741,
      "convergence_time": 74.10000000000001,
      "reward_L1": -229.55505054444075,
      "reward_L2": -85.75791580975056,
      "control_cost_L1": 155.45505054444072,
      "control_cost_L2": 11.657915809750548,
      "std_pos_last": 40.30955575008225,
      "std_vel_last": 0.09980299916180052,
      "seed": 5,
      "pso_opt_time": 2041.8472697734833,
      "pso_cost": 85.7579116821289
    },
    {
      "episode_length": 853,
      "convergence_time": 85.30000000000001,
      "reward_L1": -273.5168293491006,
      "reward_L2": -99.2078265696764,
      "control_cost_L1": 188.21682934910058,
      "control_cost_L2": 13.907826569676388,
      "std_pos_last": 41.5762550422387,
      "std_vel_last": 0.09922639794821761,
      "seed": 6,
      "pso_opt_time": 2034.2346272468567,
      "pso_cost": 99.20789337158203
    },
    {
      "episode_length": 828,
      "convergence_time": 82.80000000000001,
      "reward_L1": -247.6024844571948,
      "reward_L2": -95.17967600375414,
      "control_cost_L1": 164.8024844571948,
      "control_cost_L2": 12.379676003754128,
      "std_pos_last": 40.62935202264412,
      "std_vel_last": 0.09937738499036691,
      "seed": 7,
      "pso_opt_time": 2025.2183215618134,
      "pso_cost": 95.17967987060547
    },
    {
      "episode_length": 1497,
      "convergence_time": 149.70000000000002,
      "reward_L1": -506.6913252323866,
      "reward_L2": -175.43926828354597,
      "control_cost_L1": 356.99132523238654,
      "control_cost_L2": 25.739268283545954,
      "std_pos_last": 41.579266592471804,
      "std_vel_last": 0.0997230226632196,
      "seed": 8,
      "pso_opt_time": 2023.9159371852875,
      "pso_cost": 179.0059051513672
    },
    {
      "episode_length": 847,
      "convergence_time": 84.7,
      "reward_L1": -257.50815457105637,
      "reward_L2": -97.54769480228424,
      "control_cost_L1": 172.80815457105638,
      "control_cost_L2": 12.847694802284238,
      "std_pos_last": 41.41454188168489,
      "std_vel_last": 0.09963434854158935,
      "seed": 9,
      "pso_opt_time": 2032.2708745002747,
      "pso_cost": 97.5476303100586
    },
    {
      "episode_length": 1815,
      "convergence_time": 181.5,
      "reward_L1": -531.336712397635,
      "reward_L2": -206.96092315763235,
      "control_cost_L1": 349.836712397635,
      "control_cost_L2": 25.46092315763235,
      "std_pos_last": 41.67246010797321,
      "std_vel_last": 0.09972445767789667,
      "seed": 10,
      "pso_opt_time": 2031.6717293262482,
      "pso_cost": 211.42486572265625
    },
    {
      "episode_length": 1393,
      "convergence_time": 139.3,
      "reward_L1": -581.3937499970198,
      "reward_L2": -170.56933111697435,
      "control_cost_L1": 442.09374999701976,
      "control_cost_L2": 31.269331116974342,
      "std_pos_last": 41.28906041407257,
      "std_vel_last": 0.0990459275562425,
      "seed": 11,
      "pso_opt_time": 2031.1165537834167,
      "pso_cost": 170.6632080078125
    },
    {
      "episode_length": 1929,
      "convergence_time": 192.9,
      "reward_L1": -874.6716944798827,
      "reward_L2": -239.99281168729067,
      "control_cost_L1": 681.7716944798827,
      "control_cost_L2": 47.09281168729066,
      "std_pos_last": 41.265976338591386,
      "std_vel_last": 0.09929451899261614,
      "seed": 12,
      "pso_opt_time": 2030.7333590984344,
      "pso_cost": 225.183349609375
    },
    {
      "episode_length": 1824,
      "convergence_time": 182.4,
      "reward_L1": -709.6920962929726,
      "reward_L2": -219.58650579303503,
      "control_cost_L1": 527.2920962929726,
      "control_cost_L2": 37.186505793035025,
      "std_pos_last": 41.236822630338835,
      "std_vel_last": 0.0992786500407625,
      "seed": 13,
      "pso_opt_time": 2035.5656566619873,
      "pso_cost": 235.7708740234375
    },
    {
      "episode_length": 1039,
      "convergence_time": 103.9,
      "reward_L1": -428.99066247045994,
      "reward_L2": -127.12494543194771,
      "control_cost_L1": 325.09066247045996,
      "control_cost_L2": 23.224945431947702,
      "std_pos_last": 41.036731568034334,
      "std_vel_last": 0.09937641688794814,
      "seed": 14,
      "pso_opt_time": 2023.7816071510315,
      "pso_cost": 126.52112579345703
    },
    {
      "episode_length": 2000,
      "convergence_time": 200.0,
      "reward_L1": -736.2809787243605,
      "reward_L2": -237.31765627861023,
      "control_cost_L1": 536.2809787243605,
      "control_cost_L2": 37.31765627861023,
      "std_pos_last": 42.643369411718105,
      "std_vel_last": 0.11734721309218672,
      "seed": 15,
      "pso_opt_time": 2020.4534757137299,
      "pso_cost": 229.08584594726562
    },
    {
      "episode_length": 1400,