{
  "method": "pso_n16",
  "num_agents": 16,
  "num_episodes": 30,
  "seeds": [
    801,
    802,
    803,
    804,
    805,
    806,
    807,
    808,
    809,
    810,
    811,
    812,
    813,
    814,
    815,
    816,
    817,
    818,
    819,
    820,
    821,
    822,
    823,
    824,
    825,
    826,
    827,
    828,
    829,
    830,
    831,
    832,
    833,
    834,
    835,
    836,
    837,
    838,
    839,
    840,
    841,
    842,
    843,
    844,
    845,
    846,
    847,
    848,
    849,
    850,
    851,
    852,
    853,
    854,
    855,
    856,
    857,
    858,
    859,
    860,
    861,
    862,
    863,
    864,
    865,
    866,
    867,
    868,
    869,
    870,
    871,
    872,
    873,
    874,
    875,
    876,
    877,
    878,
    879,
    880,
    881,
    882,
    883,
    884,
    885,
    886,
    887,
    888,
    889,
    890,
    891,
    892,
    893,
    894,
    895,
    896,
    897,
    898,
    899,
    900
  ],
  "env_config": {
    "num_agents_max": 16,
    "num_agents_min": 16,
    "speed": 15,
    "predefined_distance": 60,
    "std_pos_converged": 45,
    "std_vel_converged": 0.1,
    "std_pos_rate_converged": 0.1,
    "std_vel_rate_converged": 0.2,
    "max_time_step": 2000,
    "incomplete_episode_penalty": 0,
    "normalize_obs": true,
    "use_fixed_horizon": false,
    "_use_fixed_lazy_idx": true,
    "use_preprocessed_obs": true,
    "use_mlp_settings": false,
    "get_state_hist": false,
    "use_L2_norm": true,
    "use_heuristics": false
  },
  "results": [
    {
      "episode_length": 951,
      "convergence_time": 95.10000000000001,
      "reward_L1": -272.1878127157688,
      "reward_L2": -143.6849650964141,
      "control_cost_L1": 177.0878127157688,
      "control_cost_L2": 48.58496509641408,
      "std_pos_last": 39.966994238924634,
      "std_vel_last": 0.09722938267971859,
      "seed": 1,
      "pso_opt_time": 28.814318418502808,
      "pso_cost": 143.6851043701172
    },
    {
      "episode_length": 305,
      "convergence_time": 30.5,
      "reward_L1": -88.25946001708508,
      "reward_L2": -48.49426658451557,
      "control_cost_L1": 57.759460017085075,
      "control_cost_L2": 17.99426658451557,
      "std_pos_last": 37.731546510538394,
      "std_vel_last": 0.09960259725034322,
      "seed": 2,
      "pso_opt_time": 99.33274102210999,
      "pso_cost": 48.494266510009766
    },
    {
      "episode_length": 276,
      "convergence_time": 27.6,
      "reward_L1": -91.5729066953063,
      "reward_L2": -49.64485886693001,
      "control_cost_L1": 63.9729066953063,
      "control_cost_L2": 22.044858866930007,
      "std_pos_last": 38.1201307383608,
      "std_vel_last": 0.09981633872435486,
      "seed": 3,
      "pso_opt_time": 60.07010746002197,
      "pso_cost": 49.644859313964844
    },
    {
      "episode_length": 323,
      "convergence_time": 32.300000000000004,
      "reward_L1": -102.9376475289464,
      "reward_L2": -55.242160722613335,
      "control_cost_L1": 70.63764752894639,
      "control_cost_L2": 22.94216072261333,
      "std_pos_last": 37.345291824423036,
      "std_vel_last": 0.09867730533009833,
      "seed": 4,
      "pso_opt_time": 122.55254220962524,
      "pso_cost": 55.24216079711914
    },
    {
      "episode_length": 283,
      "convergence_time": 28.3,
      "reward_L1": -90.04744640737772,
      "reward_L2": -49.544263765215874,
      "control_cost_L1": 61.74744640737772,
      "control_cost_L2": 21.244263765215873,
      "std_pos_last": 37.232927755056295,
      "std_vel_last": 0.09999786355455365,
      "seed": 5,
      "pso_opt_time": 51.979769706726074,
      "pso_cost": 49.54426574707031
    },
    {
      "episode_length": 311,
      "convergence_time": 31.1,
      "reward_L1": -93.46448434889317,
      "reward_L2": -51.474508695304394,
      "control_cost_L1": 62.364484348893164,
      "control_cost_L2": 20.374508695304392,
      "std_pos_last": 37.99634629260895,
      "std_vel_last": 0.09995935807989975,
      "seed": 6,
      "pso_opt_time": 194.03423523902893,
      "pso_cost": 51.474510192871094
    },
    {
      "episode_length": 268,
      "convergence_time": 26.8,
      "reward_L1": -87.49814784526825,
      "reward_L2": -49.25675047934055,
      "control_cost_L1": 60.69814784526825,
      "control_cost_L2": 22.456750479340553,
      "std_pos_last": 37.87813486517384,
      "std_vel_last": 0.09991894434710252,
      "seed": 7,
      "pso_opt_time": 50.387465715408325,
      "pso_cost": 49.256752014160156
    },
    {
      "episode_length": 291,
      "convergence_time": 29.1,
      "reward_L1": -95.62189269810915,
      "reward_L2": -51.9831810221076,
      "control_cost_L1": 66.52189269810916,
      "control_cost_L2": 22.8831810221076,
      "std_pos_last": 39.20227365371861,
      "std_vel_last": 0.09994228022818327,
      "seed": 8,
      "pso_opt_time": 97.22751116752625,
      "pso_cost": 51.98318099975586
    },
    {
      "episode_length": 345,
      "convergence_time": 34.5,
      "reward_L1": -121.44993457198143,
      "reward_L2": -65.89846573024988,
      "control_cost_L1": 86.94993457198143,
      "control_cost_L2": 31.39846573024988,
      "std_pos_last": 38.15724537997579,
      "std_vel_last": 0.09837896314060615,
      "seed": 9,
      "pso_opt_time": 75.802659034729,
      "pso_cost": 65.89846801757812
    },
    {
      "episode_length": 296,
      "convergence_time": 29.6,
      "reward_L1": -104.37274453788996,
      "reward_L2": -58.239507898688316,
      "control_cost_L1": 74.77274453788996,
      "control_cost_L2": 28.639507898688315,
      "std_pos_last": 37.56927151683627,
      "std_vel_last": 0.09819746108651904,
      "seed": 10,
      "pso_opt_time": 25.614262342453003,
      "pso_cost": 58.23950958251953
    },
    {
      "episode_length": 300,
      "convergence_time": 30.0,
      "reward_L1": -102.56683763861656,
      "reward_L2": -57.03253035247326,
      "control_cost_L1": 72.56683763861656,
      "control_cost_L2": 27.03253035247326,
      "std_pos_last": 37.41091476358487,
      "std_vel_last": 0.09998485307357421,
      "seed": 11,
      "pso_opt_time": 94.22398972511292,
      "pso_cost": 57.03253173828125
    },
    {
      "episode_length": 325,
      "convergence_time": 32.5,
      "reward_L1": -92.5158061683178,
      "reward_L2": -50.20824554562569,
      "control_cost_L1": 60.015806168317795,
      "control_cost_L2": 17.708245545625687,
      "std_pos_last": 37.71263529801471,
      "std_vel_last": 0.09940345455858839,
      "seed": 12,
      "pso_opt_time": 117.5592749118805,
      "pso_cost": 50.208248138427734
    },
    {
      "episode_length": 262,
      "convergence_time": 26.200000000000003,
      "reward_L1": -81.56995275616646,
      "reward_L2": -44.04151203483343,
      "control_cost_L1": 55.369952756166455,
      "control_cost_L2": 17.84151203483343,
      "std_pos_last": 38.439183512916394,
      "std_vel_last": 0.09957389001298042,
      "seed": 13,
      "pso_opt_time": 111.40239024162292,
      "pso_cost": 44.04151153564453
    },
    {
      "episode_length": 283,
      "convergence_time": 28.3,
      "reward_L1": -100.78004232794046,
      "reward_L2": -55.545295007526875,
      "control_cost_L1": 72.48004232794047,
      "control_cost_L2": 27.245295007526874,
      "std_pos_last": 38.79895801544881,
      "std_vel_last": 0.09925853566555376,
      "seed": 14,
      "pso_opt_time": 81.53133201599121,
      "pso_cost": 55.54529571533203
    },
    {
      "episode_length": 270,
      "convergence_time": 27.0,
      "reward_L1": -87.55507955700159,
      "reward_L2": -48.807616002857685,
      "control_cost_L1": 60.55507955700159,
      "control_cost_L2": 21.807616002857685,
      "std_pos_last": 38.17702312922555,
      "std_vel_last": 0.09991055049179495,
      "seed": 15,
      "pso_opt_time": 72.24227452278137,
      "pso_cost": 48.8076171875
    },
    {
      "episode_length": 291,
      "convergence_time": 29.1,