{
  "method": "pso_n64",
  "num_agents": 64,
  "num_episodes": 30,
  "seeds": [
    801,
    802,
    803,
    804,
    805,
    806,
    807,
    808,
    809,
    810,
    811,
    812,
    813,
    814,
    815,
    816,
    817,
    818,
    819,
    820,
    821,
    822,
    823,
    824,
    825,
    826,
    827,
    828,
    829,
    830,
    831,
    832,
    833,
    834,
    835,
    836,
    837,
    838,
    839,
    840,
    841,
    842,
    843,
    844,
    845,
    846,
    847,
    848,
    849,
    850,
    851,
    852,
    853,
    854,
    855,
    856,
    857,
    858,
    859,
    860,
    861,
    862,
    863,
    864,
    865,
    866,
    867,
    868,
    869,
    870,
    871,
    872,
    873,
    874,
    875,
    876,
    877,
    878,
    879,
    880,
    881,
    882,
    883,
    884,
    885,
    886,
    887,
    888,
    889,
    890,
    891,
    892,
    893,
    894,
    895,
    896,
    897,
    898,
    899,
    900
  ],
  "env_config": {
    "num_agents_max": 64,
    "num_agents_min": 64,
    "speed": 15,
    "predefined_distance": 60,
    "std_pos_converged": 45,
    "std_vel_converged": 0.1,
    "std_pos_rate_converged": 0.1,
    "std_vel_rate_converged": 0.2,
    "max_time_step": 2000,
    "incomplete_episode_penalty": 0,
    "normalize_obs": true,
    "use_fixed_horizon": false,
    "_use_fixed_lazy_idx": true,
    "use_preprocessed_obs": true,
    "use_mlp_settings": false,
    "get_state_hist": false,
    "use_L2_norm": true,
    "use_heuristics": false
  },
  "results": [
    {
      "episode_length": 338,
      "convergence_time": 33.800000000000004,
      "reward_L1": -106.69596213847399,
      "reward_L2": -44.77339345961809,
      "control_cost_L1": 72.89596213847398,
      "control_cost_L2": 10.973393459618087,
      "std_pos_last": 39.41726911074821,
      "std_vel_last": 0.09999976188591737,
      "seed": 1,
      "pso_opt_time": 733.8265554904938,
      "pso_cost": 44.77339172363281
    },
    {
      "episode_length": 844,
      "convergence_time": 84.4,
      "reward_L1": -308.05596133321524,
      "reward_L2": -116.99076575785875,
      "control_cost_L1": 223.65596133321523,
      "control_cost_L2": 32.59076575785875,
      "std_pos_last": 40.91172955792359,
      "std_vel_last": 0.0959854299328628,
      "seed": 2,
      "pso_opt_time": 59.7071533203125,
      "pso_cost": 116.98226928710938
    },
    {
      "episode_length": 490,
      "convergence_time": 49.0,
      "reward_L1": -167.0767230167985,
      "reward_L2": -66.24305429309607,
      "control_cost_L1": 118.0767230167985,
      "control_cost_L2": 17.243054293096066,
      "std_pos_last": 39.235225266649636,
      "std_vel_last": 0.09409376162611881,
      "seed": 3,
      "pso_opt_time": 162.29819011688232,
      "pso_cost": 66.24305725097656
    },
    {
      "episode_length": 354,
      "convergence_time": 35.4,
      "reward_L1": -113.28524532914162,
      "reward_L2": -47.1752961948514,
      "control_cost_L1": 77.88524532914161,
      "control_cost_L2": 11.7752961948514,
      "std_pos_last": 39.440697701014614,
      "std_vel_last": 0.09995320088921818,
      "seed": 4,
      "pso_opt_time": 288.6767330169678,
      "pso_cost": 47.17530059814453
    },
    {
      "episode_length": 358,
      "convergence_time": 35.800000000000004,
      "reward_L1": -120.76331304758787,
      "reward_L2": -48.404976546764374,
      "control_cost_L1": 84.96331304758786,
      "control_cost_L2": 12.60497654676437,
      "std_pos_last": 38.43044766140265,
      "std_vel_last": 0.09988925597693202,
      "seed": 5,
      "pso_opt_time": 293.6571321487427,
      "pso_cost": 48.40497589111328
    },
    {
      "episode_length": 455,
      "convergence_time": 45.5,
      "reward_L1": -158.51718731969595,
      "reward_L2": -61.796949706971645,
      "control_cost_L1": 113.01718731969595,
      "control_cost_L2": 16.296949706971645,
      "std_pos_last": 39.18019013351399,
      "std_vel_last": 0.09970559324538582,
      "seed": 6,
      "pso_opt_time": 372.2975027561188,
      "pso_cost": 61.79695129394531
    },
    {
      "episode_length": 853,
      "convergence_time": 85.30000000000001,
      "reward_L1": -265.32743372023106,
      "reward_L2": -112.7166345641017,
      "control_cost_L1": 180.02743372023104,
      "control_cost_L2": 27.416634564101685,
      "std_pos_last": 41.316811553881855,
      "std_vel_last": 0.09995307142491129,
      "seed": 7,
      "pso_opt_time": 59.72634840011597,
      "pso_cost": 112.7144546508789
    },
    {
      "episode_length": 375,
      "convergence_time": 37.5,
      "reward_L1": -123.10446774214506,
      "reward_L2": -50.228002309799194,
      "control_cost_L1": 85.60446774214506,
      "control_cost_L2": 12.728002309799194,
      "std_pos_last": 39.258540332891165,
      "std_vel_last": 0.09999961539456821,
      "seed": 8,
      "pso_opt_time": 929.0889990329742,
      "pso_cost": 50.22800064086914
    },
    {
      "episode_length": 1138,
      "convergence_time": 113.80000000000001,
      "reward_L1": -275.8980975151062,
      "reward_L2": -136.31389977037907,
      "control_cost_L1": 162.0980975151062,
      "control_cost_L2": 22.513899770379055,
      "std_pos_last": 41.199528959862604,
      "std_vel_last": 0.09964245505110021,
      "seed": 9,
      "pso_opt_time": 147.77975416183472,
      "pso_cost": 136.31390380859375
    },
    {
      "episode_length": 359,
      "convergence_time": 35.9,
      "reward_L1": -117.14387331157923,
      "reward_L2": -48.157457143068314,
      "control_cost_L1": 81.24387331157922,
      "control_cost_L2": 12.257457143068315,
      "std_pos_last": 39.2951637001219,
      "std_vel_last": 0.09999990805203475,
      "seed": 10,
      "pso_opt_time": 562.9033672809601,
      "pso_cost": 48.15745544433594
    },
    {
      "episode_length": 401,
      "convergence_time": 40.1,
      "reward_L1": -118.5621255710721,
      "reward_L2": -52.05496697127819,
      "control_cost_L1": 78.46212557107211,
      "control_cost_L2": 11.95496697127819,
      "std_pos_last": 39.367025146324835,
      "std_vel_last": 0.0982425310064399,
      "seed": 11,
      "pso_opt_time": 134.4877429008484,
      "pso_cost": 52.05496597290039
    },
    {
      "episode_length": 918,
      "convergence_time": 91.80000000000001,
      "reward_L1": -356.25277038663626,
      "reward_L2": -129.6048198491335,
      "control_cost_L1": 264.45277038663625,
      "control_cost_L2": 37.80481984913348,
      "std_pos_last": 39.09471299233137,
      "std_vel_last": 0.09868370199475382,
      "seed": 12,
      "pso_opt_time": 94.71966361999512,
      "pso_cost": 129.6052703857422
    },
    {
      "episode_length": 847,
      "convergence_time": 84.7,
      "reward_L1": -218.7957668825984,
      "reward_L2": -104.46599671244621,
      "control_cost_L1": 134.0957668825984,
      "control_cost_L2": 19.76599671244621,
      "std_pos_last": 38.446481176055975,
      "std_vel_last": 0.09836877157457155,
      "seed": 13,
      "pso_opt_time": 148.035254240036,
      "pso_cost": 104.46599578857422
    },
    {
      "episode_length": 1067,
      "convergence_time": 106.7,
      "reward_L1": -245.34197985380888,
      "reward_L2": -127.08467821776867,
      "control_cost_L1": 138.6419798538089,
      "control_cost_L2": 20.384678217768666,
      "std_pos_last": 42.13538881666845,
      "std_vel_last": 0.0999026286377243,
      "seed": 14,
      "pso_opt_time": 60.825342893600464,
      "pso_cost": 127.08485412597656
    },
    {
      "episode_length": 474,
      "convergence_time": 47.400000000000006,
      "reward_L1": -165.1239237114787,
      "reward_L2": -64.39286343753338,
      "control_cost_L1": 117.7239237114787,
      "control_cost_L2": 16.992863437533373,
      "std_pos_last": 39.35297218995906,
      "std_vel_last": 0.09999980676499441,
      "seed": 15,
      "pso_opt_time": 760.6762866973877,
      "pso_cost": 64.39286041259766
    },
    {
      "episode_length": 963,