{
  "method": "pso_n8",
  "num_agents": 8,
  "num_episodes": 30,
  "seeds": [
    1,
    2,
    3,
    4,
    5,
    6,
    7,
    8,
    9,
    10,
    11,
    12,
    13,
    14,
    15,
    16,
    17,
    18,
    19,
    20,
    21,
    22,
    23,
    24,
    25,
    26,
    27,
    28,
    29,
    30
  ],
  "env_config": {
    "num_agents_max": 8,
    "num_agents_min": 8,
    "speed": 15,
    "predefined_distance": 60,
    "std_pos_converged": 45,
    "std_vel_converged": 0.1,
    "std_pos_rate_converged": 0.1,
    "std_vel_rate_converged": 0.2,
    "max_time_step": 2000,
    "incomplete_episode_penalty": 0,
    "normalize_obs": true,
    "use_fixed_horizon": false,
    "_use_fixed_lazy_idx": true,
    "use_preprocessed_obs": true,
    "use_mlp_settings": false,
    "get_state_hist": false,
    "use_L2_norm": true,
    "use_heuristics": false
  },
  "results": [
    {
      "episode_length": 295,
      "convergence_time": 29.5,
      "reward_L1": -97.2270082756877,
      "reward_L2": -52.75467078387737,
      "control_cost_L1": 67.7270082756877,
      "control_cost_L2": 23.254670783877373,
      "std_pos_last": 38.73655959330114,
      "std_vel_last": 0.09998620605243892,
      "seed": 1,
      "pso_opt_time": 64.13575673103333,
      "pso_cost": 52.754669189453125
    },
    {
      "episode_length": 306,
      "convergence_time": 30.6,
      "reward_L1": -101.28886878490448,
      "reward_L2": -56.5889607667923,
      "control_cost_L1": 70.68886878490449,
      "control_cost_L2": 25.988960766792296,
      "std_pos_last": 38.019877869604734,
      "std_vel_last": 0.09986652363129797,
      "seed": 2,
      "pso_opt_time": 33.07498860359192,
      "pso_cost": 56.58896255493164
    },
    {
      "episode_length": 328,
      "convergence_time": 32.800000000000004,
      "reward_L1": -83.85535547882318,
      "reward_L2": -47.20687036961317,
      "control_cost_L1": 51.05535547882318,
      "control_cost_L2": 14.406870369613166,
      "std_pos_last": 37.83087725879786,
      "std_vel_last": 0.0998391097187153,
      "seed": 3,
      "pso_opt_time": 68.38705801963806,
      "pso_cost": 47.206871032714844
    },
    {
      "episode_length": 286,
      "convergence_time": 28.6,
      "reward_L1": -89.98734452575445,
      "reward_L2": -50.169218108057976,
      "control_cost_L1": 61.38734452575445,
      "control_cost_L2": 21.569218108057974,
      "std_pos_last": 37.66074700249893,
      "std_vel_last": 0.09629003183557412,
      "seed": 4,
      "pso_opt_time": 29.87446618080139,
      "pso_cost": 50.169219970703125
    },
    {
      "episode_length": 372,
      "convergence_time": 37.2,
      "reward_L1": -110.08193167299032,
      "reward_L2": -60.84079071879387,
      "control_cost_L1": 72.88193167299032,
      "control_cost_L2": 23.640790718793866,
      "std_pos_last": 43.15444260828737,
      "std_vel_last": 0.06662586729688273,
      "seed": 5,
      "pso_opt_time": 26.450038194656372,
      "pso_cost": 60.840789794921875
    },
    {
      "episode_length": 322,
      "convergence_time": 32.2,
      "reward_L1": -116.4852908179164,
      "reward_L2": -62.773456797003746,
      "control_cost_L1": 84.28529081791639,
      "control_cost_L2": 30.573456797003743,
      "std_pos_last": 38.07201939869229,
      "std_vel_last": 0.09983941318883138,
      "seed": 6,
      "pso_opt_time": 77.61798667907715,
      "pso_cost": 62.773460388183594
    },
    {
      "episode_length": 313,
      "convergence_time": 31.3,
      "reward_L1": -94.81336780637503,
      "reward_L2": -50.76488021016121,
      "control_cost_L1": 63.51336780637503,
      "control_cost_L2": 19.46488021016121,
      "std_pos_last": 36.15886576975791,
      "std_vel_last": 0.09970163984910296,
      "seed": 7,
      "pso_opt_time": 24.43057656288147,
      "pso_cost": 50.7648811340332
    },
    {
      "episode_length": 331,
      "convergence_time": 33.1,
      "reward_L1": -92.84485178440809,
      "reward_L2": -49.75336164236069,
      "control_cost_L1": 59.74485178440809,
      "control_cost_L2": 16.653361642360686,
      "std_pos_last": 37.45437229608169,
      "std_vel_last": 0.0999987050287998,
      "seed": 8,
      "pso_opt_time": 78.44192457199097,
      "pso_cost": 49.75336837768555
    },
    {
      "episode_length": 293,
      "convergence_time": 29.3,
      "reward_L1": -86.78176209330559,
      "reward_L2": -48.547906421124935,
      "control_cost_L1": 57.48176209330559,
      "control_cost_L2": 19.247906421124934,
      "std_pos_last": 38.24972627061191,
      "std_vel_last": 0.07140575972997389,
      "seed": 9,
      "pso_opt_time": 16.14307188987732,
      "pso_cost": 48.547908782958984
    },
    {
      "episode_length": 333,
      "convergence_time": 33.300000000000004,
      "reward_L1": -102.95805985480547,
      "reward_L2": -57.14931446313858,
      "control_cost_L1": 69.65805985480546,
      "control_cost_L2": 23.849314463138576,
      "std_pos_last": 39.44466323761906,
      "std_vel_last": 0.09999986433433765,
      "seed": 10,
      "pso_opt_time": 88.87032413482666,
      "pso_cost": 57.149314880371094
    },
    {
      "episode_length": 343,
      "convergence_time": 34.300000000000004,
      "reward_L1": -110.77599366009235,
      "reward_L2": -58.18305965512991,
      "control_cost_L1": 76.47599366009234,
      "control_cost_L2": 23.883059655129905,
      "std_pos_last": 37.32108807061669,
      "std_vel_last": 0.09876007905506734,
      "seed": 11,
      "pso_opt_time": 43.6352858543396,
      "pso_cost": 58.18305969238281
    },
    {
      "episode_length": 272,
      "convergence_time": 27.200000000000003,
      "reward_L1": -93.38254913687706,
      "reward_L2": -53.2008131891489,
      "control_cost_L1": 66.18254913687706,
      "control_cost_L2": 26.0008131891489,
      "std_pos_last": 35.94316617281518,
      "std_vel_last": 0.09999425047399528,
      "seed": 12,
      "pso_opt_time": 59.32805609703064,
      "pso_cost": 53.20081329345703
    },
    {
      "episode_length": 351,
      "convergence_time": 35.1,
      "reward_L1": -103.18738036602736,
      "reward_L2": -56.492472879588604,
      "control_cost_L1": 68.08738036602736,
      "control_cost_L2": 21.392472879588603,
      "std_pos_last": 37.640095821121676,
      "std_vel_last": 0.09999224813487652,
      "seed": 13,
      "pso_opt_time": 44.7186279296875,
      "pso_cost": 56.49247360229492
    },
    {
      "episode_length": 321,
      "convergence_time": 32.1,
      "reward_L1": -106.92991538345814,
      "reward_L2": -58.80320581048727,
      "control_cost_L1": 74.82991538345814,
      "control_cost_L2": 26.70320581048727,
      "std_pos_last": 38.12757237118885,
      "std_vel_last": 0.08540474883013421,
      "seed": 14,
      "pso_opt_time": 47.833308696746826,
      "pso_cost": 58.80320739746094
    },
    {
      "episode_length": 344,
      "convergence_time": 34.4,
      "reward_L1": -121.34676949679852,
      "reward_L2": -63.85262904316187,
      "control_cost_L1": 86.94676949679851,
      "control_cost_L2": 29.45262904316187,
      "std_pos_last": 37.75568721131446,
      "std_vel_last": 0.09998011986407858,
      "seed": 15,
      "pso_opt_time": 75.59170770645142,
      "pso_cost": 63.85263442993164
    },
    {
      "episode_length": 286,
      "convergence_time": 28.6,
      "reward_L1": -87.90425190329552,
      "reward_L2": -47.920496724545956,
      "control_cost_L1": 59.304251903295516,
      "control_cost_L2": 19.320496724545954,
      "std_pos_last": 37.70030716825736,
      "std_vel_last": 0.0999908923700448,
      "seed": 16,
      "pso_opt_time": 38.08657670021057,
      "pso_cost": 47.92049789428711
    },
    {
      "episode_length": 325,
      "convergence_time": 32.5,
      "reward_L1": -107.22048810124397,
      "reward_L2": -57.32429526746273,
      "control_cost_L1": 74.72048810124397,
      "control_cost_L2": 24.82429526746273,
      "std_pos_last": 36.187966687660385,
      "std_vel_last": 0.09338621912356258,
      "seed": 17,