{
  "method": "pso_n8",
  "num_agents": 8,
  "num_episodes": 30,
  "seeds": [
    801,
    802,
    803,
    804,
    805,
    806,
    807,
    808,
    809,
    810,
    811,
    812,
    813,
    814,
    815,
    816,
    817,
    818,
    819,
    820,
    821,
    822,
    823,
    824,
    825,
    826,
    827,
    828,
    829,
    830,
    831,
    832,
    833,
    834,
    835,
    836,
    837,
    838,
    839,
    840,
    841,
    842,
    843,
    844,
    845,
    846,
    847,
    848,
    849,
    850,
    851,
    852,
    853,
    854,
    855,
    856,
    857,
    858,
    859,
    860,
    861,
    862,
    863,
    864,
    865,
    866,
    867,
    868,
    869,
    870,
    871,
    872,
    873,
    874,
    875,
    876,
    877,
    878,
    879,
    880,
    881,
    882,
    883,
    884,
    885,
    886,
    887,
    888,
    889,
    890,
    891,
    892,
    893,
    894,
    895,
    896,
    897,
    898,
    899,
    900
  ],
  "env_config": {
    "num_agents_max": 8,
    "num_agents_min": 8,
    "speed": 15,
    "predefined_distance": 60,
    "std_pos_converged": 45,
    "std_vel_converged": 0.1,
    "std_pos_rate_converged": 0.1,
    "std_vel_rate_converged": 0.2,
    "max_time_step": 2000,
    "incomplete_episode_penalty": 0,
    "normalize_obs": true,
    "use_fixed_horizon": false,
    "_use_fixed_lazy_idx": true,
    "use_preprocessed_obs": true,
    "use_mlp_settings": false,
    "get_state_hist": false,
    "use_L2_norm": true,
    "use_heuristics": false
  },
  "results": [
    {
      "episode_length": 324,
      "convergence_time": 32.4,
      "reward_L1": -105.07923843711615,
      "reward_L2": -61.5065715610981,
      "control_cost_L1": 72.67923843711614,
      "control_cost_L2": 29.1065715610981,
      "std_pos_last": 36.79200591442167,
      "std_vel_last": 0.09999999977981909,
      "seed": 1,
      "pso_opt_time": 67.96469950675964,
      "pso_cost": 61.506568908691406
    },
    {
      "episode_length": 304,
      "convergence_time": 30.400000000000002,
      "reward_L1": -101.38254856318235,
      "reward_L2": -60.11391707509756,
      "control_cost_L1": 70.98254856318235,
      "control_cost_L2": 29.71391707509756,
      "std_pos_last": 38.06278173166958,
      "std_vel_last": 0.09999926390684603,
      "seed": 2,
      "pso_opt_time": 49.912176847457886,
      "pso_cost": 60.113914489746094
    },
    {
      "episode_length": 285,
      "convergence_time": 28.5,
      "reward_L1": -90.28029426932335,
      "reward_L2": -53.95337150990963,
      "control_cost_L1": 61.78029426932335,
      "control_cost_L2": 25.45337150990963,
      "std_pos_last": 38.527579254627035,
      "std_vel_last": 0.09998825169320356,
      "seed": 3,
      "pso_opt_time": 30.86033272743225,
      "pso_cost": 53.953372955322266
    },
    {
      "episode_length": 286,
      "convergence_time": 28.6,
      "reward_L1": -93.49544815719128,
      "reward_L2": -55.41860231757164,
      "control_cost_L1": 64.89544815719128,
      "control_cost_L2": 26.81860231757164,
      "std_pos_last": 37.681964388489185,
      "std_vel_last": 0.09991656921358245,
      "seed": 4,
      "pso_opt_time": 23.129143953323364,
      "pso_cost": 55.418601989746094
    },
    {
      "episode_length": 302,
      "convergence_time": 30.200000000000003,
      "reward_L1": -93.08021051436663,
      "reward_L2": -56.93232721835375,
      "control_cost_L1": 62.880210514366624,
      "control_cost_L2": 26.732327218353745,
      "std_pos_last": 43.17693951520252,
      "std_vel_last": 0.09890908924179687,
      "seed": 5,
      "pso_opt_time": 43.74200630187988,
      "pso_cost": 56.93232727050781
    },
    {
      "episode_length": 327,
      "convergence_time": 32.7,
      "reward_L1": -116.73735601454973,
      "reward_L2": -66.20205127447844,
      "control_cost_L1": 84.03735601454973,
      "control_cost_L2": 33.50205127447843,
      "std_pos_last": 38.74723490270315,
      "std_vel_last": 0.0999997149368921,
      "seed": 6,
      "pso_opt_time": 110.92343831062317,
      "pso_cost": 66.20205688476562
    },
    {
      "episode_length": 308,
      "convergence_time": 30.8,
      "reward_L1": -94.56498762220144,
      "reward_L2": -56.7830366268754,
      "control_cost_L1": 63.764987622201446,
      "control_cost_L2": 25.9830366268754,
      "std_pos_last": 36.21446663110259,
      "std_vel_last": 0.09990178325644107,
      "seed": 7,
      "pso_opt_time": 37.30670619010925,
      "pso_cost": 56.78303527832031
    },
    {
      "episode_length": 339,
      "convergence_time": 33.9,
      "reward_L1": -91.79992111772299,
      "reward_L2": -58.117499217391014,
      "control_cost_L1": 57.89992111772299,
      "control_cost_L2": 24.217499217391016,
      "std_pos_last": 37.608910848075496,
      "std_vel_last": 0.09973226668827646,
      "seed": 8,
      "pso_opt_time": 30.884854555130005,
      "pso_cost": 58.11749267578125
    },
    {
      "episode_length": 313,
      "convergence_time": 31.3,
      "reward_L1": -97.51741611212492,
      "reward_L2": -58.66397934406996,
      "control_cost_L1": 66.21741611212492,
      "control_cost_L2": 27.363979344069957,
      "std_pos_last": 37.43100390400334,
      "std_vel_last": 0.09999901217242786,
      "seed": 9,
      "pso_opt_time": 52.646666288375854,
      "pso_cost": 58.663978576660156
    },
    {
      "episode_length": 332,
      "convergence_time": 33.2,
      "reward_L1": -100.33287210762501,
      "reward_L2": -61.86876650899649,
      "control_cost_L1": 67.132872107625,
      "control_cost_L2": 28.668766508996484,
      "std_pos_last": 38.74814972745199,
      "std_vel_last": 0.0960768205456743,
      "seed": 10,
      "pso_opt_time": 34.102378129959106,
      "pso_cost": 61.8687744140625
    },
    {
      "episode_length": 329,
      "convergence_time": 32.9,
      "reward_L1": -107.63523168116808,
      "reward_L2": -63.625852048397064,
      "control_cost_L1": 74.73523168116807,
      "control_cost_L2": 30.725852048397066,
      "std_pos_last": 38.134332374913996,
      "std_vel_last": 0.09989094864289079,
      "seed": 11,
      "pso_opt_time": 49.752421617507935,
      "pso_cost": 63.625850677490234
    },
    {
      "episode_length": 272,
      "convergence_time": 27.200000000000003,
      "reward_L1": -93.18050060421228,
      "reward_L2": -55.98862288892269,
      "control_cost_L1": 65.98050060421228,
      "control_cost_L2": 28.78862288892269,
      "std_pos_last": 35.92831604414669,
      "std_vel_last": 0.09988219109564281,
      "seed": 12,
      "pso_opt_time": 43.751739501953125,
      "pso_cost": 55.988624572753906
    },
    {
      "episode_length": 337,
      "convergence_time": 33.7,
      "reward_L1": -104.78441981971264,
      "reward_L2": -64.10817020386457,
      "control_cost_L1": 71.08441981971264,
      "control_cost_L2": 30.40817020386457,
      "std_pos_last": 37.825319328022836,
      "std_vel_last": 0.08357955955207959,
      "seed": 13,
      "pso_opt_time": 18.93987464904785,
      "pso_cost": 64.10816955566406
    },
    {
      "episode_length": 302,
      "convergence_time": 30.200000000000003,
      "reward_L1": -107.29605810344219,
      "reward_L2": -60.68044421821833,
      "control_cost_L1": 77.09605810344219,
      "control_cost_L2": 30.480444218218324,
      "std_pos_last": 39.03886144953071,
      "std_vel_last": 0.09999990871981261,
      "seed": 14,
      "pso_opt_time": 54.696784019470215,
      "pso_cost": 60.680442810058594
    },
    {
      "episode_length": 346,
      "convergence_time": 34.6,
      "reward_L1": -123.97232118993998,
      "reward_L2": -70.38228024542332,
      "control_cost_L1": 89.37232118993998,
      "control_cost_L2": 35.782280245423316,
      "std_pos_last": 37.212489701117626,
      "std_vel_last": 0.09981932224171912,
      "seed": 15,
      "pso_opt_time": 33.61019325256348,
      "pso_cost": 70.38227844238281
    },
    {
      "episode_length": 299,
      "convergence_time": 29.900000000000002,