{
  "method": "pso_n32",
  "num_agents": 32,
  "num_episodes": 30,
  "seeds": [
    801,
    802,
    803,
    804,
    805,
    806,
    807,
    808,
    809,
    810,
    811,
    812,
    813,
    814,
    815,
    816,
    817,
    818,
    819,
    820,
    821,
    822,
    823,
    824,
    825,
    826,
    827,
    828,
    829,
    830,
    831,
    832,
    833,
    834,
    835,
    836,
    837,
    838,
    839,
    840,
    841,
    842,
    843,
    844,
    845,
    846,
    847,
    848,
    849,
    850,
    851,
    852,
    853,
    854,
    855,
    856,
    857,
    858,
    859,
    860,
    861,
    862,
    863,
    864,
    865,
    866,
    867,
    868,
    869,
    870,
    871,
    872,
    873,
    874,
    875,
    876,
    877,
    878,
    879,
    880,
    881,
    882,
    883,
    884,
    885,
    886,
    887,
    888,
    889,
    890,
    891,
    892,
    893,
    894,
    895,
    896,
    897,
    898,
    899,
    900
  ],
  "env_config": {
    "num_agents_max": 32,
    "num_agents_min": 32,
    "speed": 15,
    "predefined_distance": 60,
    "std_pos_converged": 45,
    "std_vel_converged": 0.1,
    "std_pos_rate_converged": 0.1,
    "std_vel_rate_converged": 0.2,
    "max_time_step": 2000,
    "incomplete_episode_penalty": 0,
    "normalize_obs": true,
    "use_fixed_horizon": false,
    "_use_fixed_lazy_idx": true,
    "use_preprocessed_obs": true,
    "use_mlp_settings": false,
    "get_state_hist": false,
    "use_L2_norm": true,
    "use_heuristics": false
  },
  "results": [
    {
      "episode_length": 274,
      "convergence_time": 27.400000000000002,
      "reward_L1": -92.91016878932714,
      "reward_L2": -51.43137410283089,
      "control_cost_L1": 65.51016878932714,
      "control_cost_L2": 24.031374102830885,
      "std_pos_last": 37.95434645803834,
      "std_vel_last": 0.09987770878671334,
      "seed": 1,
      "pso_opt_time": 112.05672359466553,
      "pso_cost": 51.431373596191406
    },
    {
      "episode_length": 293,
      "convergence_time": 29.3,
      "reward_L1": -97.26639650762081,
      "reward_L2": -55.003099493682384,
      "control_cost_L1": 67.96639650762081,
      "control_cost_L2": 25.703099493682384,
      "std_pos_last": 38.424942299846435,
      "std_vel_last": 0.09186059719283347,
      "seed": 2,
      "pso_opt_time": 65.79286313056946,
      "pso_cost": 55.00310134887695
    },
    {
      "episode_length": 561,
      "convergence_time": 56.1,
      "reward_L1": -138.33272279053926,
      "reward_L2": -81.91698867827654,
      "control_cost_L1": 82.23272279053927,
      "control_cost_L2": 25.816988678276537,
      "std_pos_last": 40.527627980449,
      "std_vel_last": 0.0985891031335086,
      "seed": 3,
      "pso_opt_time": 81.02388572692871,
      "pso_cost": 81.9169921875
    },
    {
      "episode_length": 324,
      "convergence_time": 32.4,
      "reward_L1": -100.72274553775787,
      "reward_L2": -56.470671743154526,
      "control_cost_L1": 68.32274553775787,
      "control_cost_L2": 24.070671743154527,
      "std_pos_last": 39.572725590178024,
      "std_vel_last": 0.09937111679748786,
      "seed": 4,
      "pso_opt_time": 69.61892127990723,
      "pso_cost": 56.470672607421875
    },
    {
      "episode_length": 2000,
      "convergence_time": 200.0,
      "reward_L1": -200.11107705533504,
      "reward_L2": -200.00000298023224,
      "control_cost_L1": 0.11107705533504486,
      "control_cost_L2": 2.9802322387695312e-06,
      "std_pos_last": 2997.102747067496,
      "std_vel_last": 14.95842093888621,
      "seed": 5,
      "pso_opt_time": 430.69392824172974,
      "pso_cost": 200.0
    },
    {
      "episode_length": 320,
      "convergence_time": 32.0,
      "reward_L1": -113.17165973037481,
      "reward_L2": -63.34786719083786,
      "control_cost_L1": 81.17165973037481,
      "control_cost_L2": 31.34786719083786,
      "std_pos_last": 37.91002933190741,
      "std_vel_last": 0.09253169492066794,
      "seed": 6,
      "pso_opt_time": 129.76388120651245,
      "pso_cost": 63.34786605834961
    },
    {
      "episode_length": 280,
      "convergence_time": 28.0,
      "reward_L1": -91.93606310337782,
      "reward_L2": -51.89577825367451,
      "control_cost_L1": 63.93606310337782,
      "control_cost_L2": 23.895778253674507,
      "std_pos_last": 38.65287812749423,
      "std_vel_last": 0.09777792029488873,
      "seed": 7,
      "pso_opt_time": 69.98458194732666,
      "pso_cost": 51.89577865600586
    },
    {
      "episode_length": 300,
      "convergence_time": 30.0,
      "reward_L1": -101.06288278102875,
      "reward_L2": -55.62307996302843,
      "control_cost_L1": 71.06288278102875,
      "control_cost_L2": 25.62307996302843,
      "std_pos_last": 38.43837231126891,
      "std_vel_last": 0.0992045472599001,
      "seed": 8,
      "pso_opt_time": 221.9456388950348,
      "pso_cost": 55.62308120727539
    },
    {
      "episode_length": 293,
      "convergence_time": 29.3,
      "reward_L1": -91.2535013332963,
      "reward_L2": -50.78197588771582,
      "control_cost_L1": 61.9535013332963,
      "control_cost_L2": 21.481975887715816,
      "std_pos_last": 38.84152545270031,
      "std_vel_last": 0.09958943855375313,
      "seed": 9,
      "pso_opt_time": 101.8664939403534,
      "pso_cost": 50.78197479248047
    },
    {
      "episode_length": 2000,
      "convergence_time": 200.0,
      "reward_L1": -200.11343783140182,
      "reward_L2": -200.00000298023224,
      "control_cost_L1": 0.11343783140182495,
      "control_cost_L2": 2.9802322387695312e-06,
      "std_pos_last": 2900.827233367589,
      "std_vel_last": 14.509641730986685,
      "seed": 10,
      "pso_opt_time": 744.2095031738281,
      "pso_cost": 200.0
    },
    {
      "episode_length": 700,
      "convergence_time": 70.0,
      "reward_L1": -233.12513295561075,
      "reward_L2": -124.10686209797859,
      "control_cost_L1": 163.12513295561075,
      "control_cost_L2": 54.10686209797859,
      "std_pos_last": 40.86422015492346,
      "std_vel_last": 0.09929505643774797,
      "seed": 11,
      "pso_opt_time": 48.76366877555847,
      "pso_cost": 124.10684967041016
    },
    {
      "episode_length": 418,
      "convergence_time": 41.800000000000004,
      "reward_L1": -132.89288219064474,
      "reward_L2": -71.56025779247284,
      "control_cost_L1": 91.09288219064473,
      "control_cost_L2": 29.760257792472835,
      "std_pos_last": 38.77607905131482,
      "std_vel_last": 0.09966059618828879,
      "seed": 12,
      "pso_opt_time": 84.54525136947632,
      "pso_cost": 71.56025695800781
    },
    {
      "episode_length": 323,
      "convergence_time": 32.300000000000004,
      "reward_L1": -91.94460348039865,
      "reward_L2": -53.14728391170502,
      "control_cost_L1": 59.64460348039865,
      "control_cost_L2": 20.847283911705013,
      "std_pos_last": 39.60454762824236,
      "std_vel_last": 0.09206089112215689,
      "seed": 13,
      "pso_opt_time": 74.17952108383179,
      "pso_cost": 53.14728546142578
    },
    {
      "episode_length": 2000,
      "convergence_time": 200.0,
      "reward_L1": -200.10068630427122,
      "reward_L2": -200.00000298023224,
      "control_cost_L1": 0.10068630427122116,
      "control_cost_L2": 2.9802322387695312e-06,
      "std_pos_last": 2962.996933395179,
      "std_vel_last": 14.774604032289295,
      "seed": 14,
      "pso_opt_time": 183.80589318275452,
      "pso_cost": 200.0
    },
    {
      "episode_length": 371,
      "convergence_time": 37.1,
      "reward_L1": -118.91978424042463,
      "reward_L2": -65.3306463509798,
      "control_cost_L1": 81.81978424042464,
      "control_cost_L2": 28.230646350979804,
      "std_pos_last": 38.87913953207876,
      "std_vel_last": 0.09823094614875302,
      "seed": 15,
      "pso_opt_time": 185.90340995788574,
      "pso_cost": 65.33065032958984
    },
    {
      "episode_length": 296,
      "convergence_time": 29.6,
      "reward_L1": -90.97401812672615,